id,source_sentence_id,domain,split,sentence,target,from,to,polarity,is_implicit,opinion_words,source_file,gemini_direct_prediction,qwen_direct_prediction,gemini_direct_correct,qwen_direct_correct,direct_agreement,pilot_priority,pilot_reason,sc_raw_runs,sc_labels,sc_vote_counts,aspect,opinion,polarity_reasoning,raw_polarity_output,prediction
684,35668286#0#0,restaurant,test,In Short The Black Sheep distinguishes itself from the Midtown pub herd with a look that's a mix of sports-bar butch and ornate kitsch.,look,79,83,negative,1,,Restaurants_Test_Gold_Implicit_Labeled.xml,neutral,positive,False,False,False,26,"gemini_direct_wrong,qwen_direct_wrong,direct_disagreement,both_direct_wrong","[{'aspect': 'mixed styles', 'opinion': 'Implicit opinion: Positive.\n\nThe phrase ""distinguishes itself from the Midtown pub herd"" implies that the mixed styles are a positive attribute, making the establishment unique and stand out in a favorable way.', 'polarity_reasoning': 'Sentiment polarity: Positive\nSentiment cue: distinguishes itself from the Midtown pub herd', 'raw_polarity_output': 'positive', 'prediction': 'positive'}, {'aspect': 'mix of sports-bar butch and ornate kitsch', 'opinion': 'Implicit opinion: Positive.\n\nExplanation: The phrase ""distinguishes itself"" implies that this unique', 'polarity_reasoning': 'Sentiment polarity: Positive\nSentiment cue: distinguishes itself (implicit)', 'raw_polarity_output': 'positive', 'prediction': 'positive'}, {'aspect': 'stylistic blend', 'opinion': 'Implicit opinion: Positive.\n\nThe stylistic blend is described as what ""distinguishes itself"" from other pubs, implying that its unique look is a positive attribute that makes it stand out notably.', 'polarity_reasoning': 'Sentiment polarity: Positive (Implicit cue: distinguishes itself)', 'raw_polarity_output': 'positive', 'prediction': 'positive'}]","positive,positive,positive",positive:3,mixed styles,"Implicit opinion: Positive.

The phrase ""distinguishes itself from the Midtown pub herd"" implies that the mixed styles are a positive attribute, making the establishment unique and stand out in a favorable way.","Sentiment polarity: Positive
Sentiment cue: distinguishes itself from the Midtown pub herd",positive,positive
983,35391416#500259#5,restaurant,test,Make more tables- perhaps a rooftop bar?,tables,10,16,negative,1,,Restaurants_Test_Gold_Implicit_Labeled.xml,positive,positive,False,False,True,23,"gemini_direct_wrong,qwen_direct_wrong,both_direct_wrong","[{'aspect': 'bar tables', 'opinion': 'Implicit opinion: Positive.\n\nThe suggestion to ""Make more tables"" indicates a desire for more of them, implying they are seen as a beneficial or needed item.', 'polarity_reasoning': 'Sentiment polarity: Positive\nSentiment cue: Make more tables', 'raw_polarity_output': 'positive', 'prediction': 'positive'}, {'aspect': 'bar tables', 'opinion': 'Implicit opinion: Positive.\n\nThe speaker suggests making ""more tables,"" indicating a desire for increased capacity or an improved offering, which views the addition of tables favorably.', 'polarity_reasoning': 'Positive (cue: ""more tables"")', 'raw_polarity_output': 'positive', 'prediction': 'positive'}, {'aspect': 'bar tables', 'opinion': 'Implicit opinion: Positive.\n\nThe speaker suggests ""making more tables,"" indicating that more tables (including bar tables) are seen as a desirable addition or improvement.', 'polarity_reasoning': 'Sentiment polarity: Positive\nSentiment cue: ""making more tables""', 'raw_polarity_output': 'positive', 'prediction': 'positive'}]","positive,positive,positive",positive:3,bar tables,"Implicit opinion: Positive.

The suggestion to ""Make more tables"" indicates a desire for more of them, implying they are seen as a beneficial or needed item.","Sentiment polarity: Positive
Sentiment cue: Make more tables",positive,positive
1043,11651065#413029#1,restaurant,test,"The comments about fried foods is correct (below) but the other dishes, including the lamb entree and many of the salads (avocado shrimp) were quite good.",fried foods,19,30,negative,1,,Restaurants_Test_Gold_Implicit_Labeled.xml,neutral,neutral,False,False,True,23,"gemini_direct_wrong,qwen_direct_wrong,both_direct_wrong","[{'aspect': 'general', 'opinion': 'Implicit opinion: Negative.\n\nThe use of ""but"" to contrast ""the comments about fried foods is correct"" with the positive evaluation of ""the other dishes... were quite good"" implies that the comments about fried foods were negative, and the speaker agrees with that negative assessment.', 'polarity_reasoning': 'Sentiment polarity: Negative\nSentiment cue: ""the comments about fried foods is correct"" (implying agreement with negative comments) and the contrastive ""but""', 'raw_polarity_output': 'negative', 'prediction': 'negative'}, {'aspect': 'general', 'opinion': 'Implicit opinion: Negative\n\nExplanation: The author uses the coordinating conjunction ""but"" to contrast the fried foods with other dishes (like the lamb entree and salads) that ""were quite good,"" implying that the fried foods themselves were not good.', 'polarity_reasoning': 'Sentiment polarity: Negative (implicit cue: the contrastive conjunction ""but"" comparing the fried foods to other dishes that ""were quite good"")', 'raw_polarity_output': 'negative', 'prediction': 'negative'}, {'aspect': 'general', 'opinion': 'Implicit opinion: negative\n\nExplanation: The use of the contrastive conjunction ""but"" to state that the ""other dishes... were quite good"" implies that the correct comments regarding the fried foods were unfavorable (i.e., the fried foods were not good).', 'polarity_reasoning': 'Sentiment polarity: Negative (implicit, cued by the contrastive conjunction ""but"" contrasting ""fried foods"" with the ""quite good"" other dishes)', 'raw_polarity_output': 'negative', 'prediction': 'negative'}]","negative,negative,negative",negative:3,general,"Implicit opinion: Negative.

The use of ""but"" to contrast ""the comments about fried foods is correct"" with the positive evaluation of ""the other dishes... were quite good"" implies that the comments about fried foods were negative, and the speaker agrees with that negative assessment.","Sentiment polarity: Negative
Sentiment cue: ""the comments about fried foods is correct"" (implying agreement with negative comments) and the contrastive ""but""",negative,negative
1054,33070305#1312437#5,restaurant,test,"The room is a little plain, but it's difficult to make such a small place exciting and I would not suggest that as a reason not to go.",place,68,73,negative,1,,Restaurants_Test_Gold_Implicit_Labeled.xml,neutral,neutral,False,False,True,23,"gemini_direct_wrong,qwen_direct_wrong,both_direct_wrong","[{'aspect': 'size', 'opinion': 'Implicit opinion: no sentiment evidence\n\nExplanation: The description of the place as ""small"" is a factual statement about its physical size used to explain why the room is plain, rather than an expression of a personal opinion or sentiment towards the size itself.', 'polarity_reasoning': 'Sentiment polarity: Neutral', 'raw_polarity_output': 'neutral', 'prediction': 'neutral'}, {'aspect': 'size', 'opinion': 'Implicit opinion: Negative\n\nExplanation: The speaker views the small size of the place as a limitation or drawback, noting that this size constraint makes it difficult to make the room exciting.', 'polarity_reasoning': 'Sentiment polarity: Negative (Implicit cue: ""difficult to make such a small place exciting"", which frames the small size as a limitation)', 'raw_polarity_output': 'negative', 'prediction': 'negative'}, {'aspect': 'aspect: size', 'opinion': 'Implicit opinion: Negative\n\nExplanation: The speaker views the small size of the place as a limitation or disadvantage, noting that it makes it difficult to make the room exciting.', 'polarity_reasoning': 'Sentiment polarity: Negative (Implicit cue: describing the place as ""small"" in a context where it makes it ""difficult to make... exciting"", framing the size as a limitation).', 'raw_polarity_output': 'negative', 'prediction': 'negative'}]","neutral,negative,negative",negative:2;neutral:1,size,"Implicit opinion: Negative

Explanation: The speaker views the small size of the place as a limitation or drawback, noting that this size constraint makes it difficult to make the room exciting.","Sentiment polarity: Negative (Implicit cue: ""difficult to make such a small place exciting"", which frames the small size as a limitation)",negative,negative
16,33071731#1007204#3,restaurant,test,"In fact, this was not a Nicoise salad and was barely eatable.",Nicoise salad,24,37,negative,1,,Restaurants_Test_Gold_Implicit_Labeled.xml,neutral,negative,False,True,False,13,"gemini_direct_wrong,direct_disagreement","[{'aspect': 'aspect: quality', 'opinion': 'Implicit opinion: Negative\n\nExplanation: The description of the dish as ""barely eatable"" and ""not a Nicoise salad"" directly indicates that the quality of the food was extremely poor and failed to meet basic culinary expectations.', 'polarity_reasoning': 'Sentiment polarity: Negative (Implicit cue: ""not a [Nicoise salad]"" and ""barely eatable"")', 'raw_polarity_output': 'negative', 'prediction': 'negative'}, {'aspect': 'general', 'opinion': 'Implicit opinion: Negative\n\nExplanation: The reviewer states that the dish served did not resemble an actual Nicoise salad and describes it as ""barely eatable,"" expressing strong dissatisfaction with the quality and authenticity of the salad they received.', 'polarity_reasoning': 'Sentiment polarity: Negative\nSentiment cue: ""not a [Nicoise salad]"" and ""barely eatable"" (implicitly indicating the dish served failed to meet the standard of a Nicoise salad and was of poor quality).', 'raw_polarity_output': 'negative', 'prediction': 'negative'}, {'aspect': 'general', 'opinion': 'Implicit opinion: negative\n\nExplanation: The sentence expresses a negative opinion because the dish served failed to meet the standards of a true Nicoise salad and was described as ""barely eatable,"" indicating poor quality and dissatisfaction.', 'polarity_reasoning': 'Sentiment polarity: Negative (Implicit cue: ""not a"" and ""barely eatable"")', 'raw_polarity_output': 'negative', 'prediction': 'negative'}]","negative,negative,negative",negative:3,aspect: quality,"Implicit opinion: Negative

Explanation: The description of the dish as ""barely eatable"" and ""not a Nicoise salad"" directly indicates that the quality of the food was extremely poor and failed to meet basic culinary expectations.","Sentiment polarity: Negative (Implicit cue: ""not a [Nicoise salad]"" and ""barely eatable"")",negative,negative
203,160:19,laptop,test,"Apple ""Help"" is a mixed bag.","Apple ""Help""",0,12,negative,1,,Laptops_Test_Gold_Implicit_Labeled.xml,neutral,negative,False,True,False,13,"gemini_direct_wrong,direct_disagreement","[{'aspect': 'aspect: general', 'opinion': 'Implicit opinion: Mixed (both positive and negative)\n\nExplanation: The phrase ""mixed bag"" directly indicates that Apple ""Help"" has a combination of both good and bad features, reflecting a balanced or conflicted sentiment rather than a purely positive or negative one.', 'polarity_reasoning': 'Sentiment polarity: Mixed (implicit, cue: ""mixed bag"")', 'raw_polarity_output': 'neutral', 'prediction': 'neutral'}, {'aspect': 'general', 'opinion': 'Implicit opinion: Mixed / Neutral\n\nExplanation: The phrase ""mixed bag"" indicates that the Apple ""Help"" service has a combination of both good and bad qualities, reflecting a neutral or ambivalent opinion rather than a purely positive or negative one.', 'polarity_reasoning': 'Sentiment polarity: Mixed (implicit cue: ""mixed bag"")', 'raw_polarity_output': 'neutral', 'prediction': 'neutral'}, {'aspect': 'aspect: general', 'opinion': 'Implicit opinion: Mixed (both positive and negative)\n\nExplanation: The phrase ""mixed bag"" directly characterizes Apple ""Help"" as having a combination of good and bad qualities, indicating a balanced or conflicting sentiment rather than a purely positive or negative one.', 'polarity_reasoning': 'Sentiment polarity: Mixed (both positive and negative)\nSentiment cue: ""mixed bag"" (implicit)', 'raw_polarity_output': 'neutral', 'prediction': 'neutral'}]","neutral,neutral,neutral",neutral:3,aspect: general,"Implicit opinion: Mixed (both positive and negative)

Explanation: The phrase ""mixed bag"" directly indicates that Apple ""Help"" has a combination of both good and bad features, reflecting a balanced or conflicted sentiment rather than a purely positive or negative one.","Sentiment polarity: Mixed (implicit, cue: ""mixed bag"")",neutral,neutral
264,32894669#1075584#0,restaurant,test,"For the price you pay for the food here, you'd expect it to be at least on par with other Japanese restaurants.",price,8,13,negative,1,,Restaurants_Test_Gold_Implicit_Labeled.xml,negative,neutral,True,False,False,11,"qwen_direct_wrong,direct_disagreement","[{'aspect': 'aspect: value for money', 'opinion': 'Implicit opinion: Negative\n\nExplanation: The sentence implies that the quality of the food does not justify the price charged, as it fails to meet the standard of comparable Japanese restaurants, indicating poor value for money.', 'polarity_reasoning': 'Sentiment polarity: Negative (Implicit cue: ""you\'d expect it to be at least on par"", implying the food quality does not justify the price charged).', 'raw_polarity_output': 'negative', 'prediction': 'negative'}, {'aspect': 'value for money', 'opinion': 'Implicit opinion: Negative\n\nExplanation: The speaker implies that the quality of the food does not live up to what one would expect given the price charged, suggesting that the restaurant is overpriced and offers poor value for money.', 'polarity_reasoning': 'Sentiment polarity: Negative (Implicit cue: ""For the price you pay... you\'d expect it to be at least on par"", implying the food quality does not justify the high price).', 'raw_polarity_output': 'negative', 'prediction': 'negative'}, {'aspect': 'aspect: value for money', 'opinion': 'Implicit opinion: Negative\n\nExplanation: The phrasing ""you\'d expect it to be at least on par"" implies that the food quality actually falls below the standard of other Japanese restaurants, meaning the customer is paying a price that is too high for the quality received, resulting in poor value for money.', 'polarity_reasoning': 'Sentiment polarity: Negative (Implicit cue: ""For the price you pay... you\'d expect it to be at least on par"")', 'raw_polarity_output': 'negative', 'prediction': 'negative'}]","negative,negative,negative",negative:3,aspect: value for money,"Implicit opinion: Negative

Explanation: The sentence implies that the quality of the food does not justify the price charged, as it fails to meet the standard of comparable Japanese restaurants, indicating poor value for money.","Sentiment polarity: Negative (Implicit cue: ""you'd expect it to be at least on par"", implying the food quality does not justify the price charged).",negative,negative
265,32894669#1075584#0,restaurant,test,"For the price you pay for the food here, you'd expect it to be at least on par with other Japanese restaurants.",food,30,34,negative,1,,Restaurants_Test_Gold_Implicit_Labeled.xml,negative,neutral,True,False,False,11,"qwen_direct_wrong,direct_disagreement","[{'aspect': 'value', 'opinion': 'Implicit opinion: Negative\n\nExplanation: The phrase ""you\'d expect it to be at least on par"" implies that the food does not meet the basic standard of other Japanese restaurants, suggesting that its quality is disappointing and below average.', 'polarity_reasoning': 'Sentiment polarity: Negative (Implicit cue: ""you\'d expect it to be at least on par"")', 'raw_polarity_output': 'negative', 'prediction': 'negative'}, {'aspect': 'price', 'opinion': '**Implicit opinion:** Negative\n\n**Explanation:** The phrasing ""you\'d expect it to be at least on par"" implies that the food does not meet this basic expectation and is of lower quality compared to other Japanese restaurants, especially given the price.', 'polarity_reasoning': '**Sentiment polarity:** Negative (Implicit cue: ""expect it to be at least on par"")', 'raw_polarity_output': 'negative', 'prediction': 'negative'}, {'aspect': 'aspect: quality', 'opinion': 'Implicit opinion: Negative\n\nExplanation: The phrase ""you\'d expect it to be at least on par with other Japanese restaurants"" implies that the food\'s quality is currently below average and does not meet the standard expected for its price.', 'polarity_reasoning': 'Sentiment polarity: Negative (Implicit cue: ""you\'d expect it to be at least on par with other Japanese restaurants"")', 'raw_polarity_output': 'negative', 'prediction': 'negative'}]","negative,negative,negative",negative:3,value,"Implicit opinion: Negative

Explanation: The phrase ""you'd expect it to be at least on par"" implies that the food does not meet the basic standard of other Japanese restaurants, suggesting that its quality is disappointing and below average.","Sentiment polarity: Negative (Implicit cue: ""you'd expect it to be at least on par"")",negative,negative
315,181:1,laptop,test,After fumbling around with the OS I started searching the internet for a fix and found a number of forums on fixing the issue.,OS,31,33,negative,1,,Laptops_Test_Gold_Implicit_Labeled.xml,negative,neutral,True,False,False,11,"qwen_direct_wrong,direct_disagreement","[{'aspect': 'aspect: general', 'opinion': 'Implicit opinion: Negative\n\nExplanation: The author mentions ""fumbling around"" with the OS and needing to search for a ""fix"" to resolve an ""issue,"" which implies that the OS was difficult to use, frustrating, or had a technical problem.', 'polarity_reasoning': 'Sentiment polarity: Negative (Implicit cues: ""fumbling around"", ""fix"", ""issue"")', 'raw_polarity_output': 'negative', 'prediction': 'negative'}, {'aspect': 'aspect: general', 'opinion': 'Implicit opinion: Negative\n\nExplanation: The phrase ""fumbling around with the OS"" combined with the user\'s need to search for a ""fix"" to an ""issue"" indicates that the OS was difficult to navigate, buggy, or problematic, reflecting a negative experience.', 'polarity_reasoning': 'Negative (implicit cues: ""fumbling around"", ""fix"", ""issue"")', 'raw_polarity_output': 'negative', 'prediction': 'negative'}, {'aspect': 'general', 'opinion': 'Implicit opinion: Negative\n\nExplanation: The user describes ""fumbling around"" with the OS and having to search the internet for a ""fix"" to an ""issue,"" implying that the OS is difficult to use, counter-intuitive, or has technical problems.', 'polarity_reasoning': 'Sentiment polarity: Negative (implicit cues: ""fumbling around"", ""fix"", ""issue"")', 'raw_polarity_output': 'negative', 'prediction': 'negative'}]","negative,negative,negative",negative:3,aspect: general,"Implicit opinion: Negative

Explanation: The author mentions ""fumbling around"" with the OS and needing to search for a ""fix"" to resolve an ""issue,"" which implies that the OS was difficult to use, frustrating, or had a technical problem.","Sentiment polarity: Negative (Implicit cues: ""fumbling around"", ""fix"", ""issue"")",negative,negative
342,11350390#802808#2,restaurant,test,"The unattractive lighting made me want to gag, the food was overpriced, there was the most awful disco pop duo performing-and my escargot looked like it might crawl off the plate.",escargot,129,137,negative,1,,Restaurants_Test_Gold_Implicit_Labeled.xml,negative,neutral,True,False,False,11,"qwen_direct_wrong,direct_disagreement","[{'aspect': 'aspect: appearance', 'opinion': 'Implicit opinion: Negative\n\nExplanation: The description that the escargot ""looked like it might crawl off the plate"" suggests it appeared unsettlingly alive or poorly prepared, indicating a highly negative opinion of the food\'s appearance.', 'polarity_reasoning': 'Sentiment polarity: Negative (implicit cue: ""looked like it might crawl off the plate"")', 'raw_polarity_output': 'negative', 'prediction': 'negative'}, {'aspect': 'appearance', 'opinion': 'Implicit opinion: Negative.\n\nThe description ""looked like it might crawl off the plate"" suggests that the escargot\'s appearance was unappetizing, evoking a sense of disgust or unease rather than appeal.', 'polarity_reasoning': 'Sentiment polarity: Negative (Implicit cue: looked like it might crawl off the plate)', 'raw_polarity_output': 'Negative', 'prediction': 'negative'}, {'aspect': 'movement', 'opinion': 'Implicit opinion: Negative.\n\nThe idea of cooked escargot appearing capable of ""crawling off the plate"" implies that they looked disturbingly alive or poorly prepared, which is unappetizing and contributes to the overall negative dining experience described in the sentence.', 'polarity_reasoning': 'Sentiment polarity: Negative\nImplicit cue: looked like it might crawl off the plate', 'raw_polarity_output': 'Negative', 'prediction': 'negative'}]","negative,negative,negative",negative:3,aspect: appearance,"Implicit opinion: Negative

Explanation: The description that the escargot ""looked like it might crawl off the plate"" suggests it appeared unsettlingly alive or poorly prepared, indicating a highly negative opinion of the food's appearance.","Sentiment polarity: Negative (implicit cue: ""looked like it might crawl off the plate"")",negative,negative
385,420:1,laptop,test,"fast, great screen, beautiful apps for a laptop;priced at 1100 on the apple website;amazon had it for 1098+ tax -  plus i had a 10% off coupon from amazon-cost me 998 plus tax- 1070- OTD!",priced,48,54,neutral,1,,Laptops_Test_Gold_Implicit_Labeled.xml,positive,negative,False,False,False,26,"gemini_direct_wrong,qwen_direct_wrong,direct_disagreement,both_direct_wrong","[{'aspect': 'price source', 'opinion': ""Implicit opinion: Positive. The detailed breakdown of the Amazon price, including the use of a 10% off coupon to achieve a significantly lower final price ($998 vs $1100 on Apple's site), indicates satisfaction with"", 'polarity_reasoning': 'Sentiment polarity: Positive.\nSentiment cue: satisfaction with', 'raw_polarity_output': 'Positive', 'prediction': 'positive'}, {'aspect': 'final cost', 'opinion': 'Implicit opinion: Positive.\n\nThe user highlights that they secured the laptop for a significantly lower price ($998 + tax, $1070 OTD) compared to the initial listings ($1100 on Apple, $1098 + tax on Amazon), indicating satisfaction with the deal they found.', 'polarity_reasoning': 'Positive.\nSentiment cue: ""secured the laptop for a significantly lower price...indicating satisfaction with the deal they found""', 'raw_polarity_output': 'positive', 'prediction': 'positive'}, {'aspect': 'discount', 'opinion': 'Implicit opinion: Positive.\n\nThe user explicitly details how they obtained a significant discount, leading to a much lower final price (from $1100/$1098 down to $998, or $1070 OTD), indicating satisfaction with the price they ultimately paid.', 'polarity_reasoning': 'Sentiment polarity: Positive.\nSentiment cue: plus i had a 10% off coupon from amazon-cost me 998 plus tax- 1070- OTD!', 'raw_polarity_output': 'Positive', 'prediction': 'positive'}]","positive,positive,positive",positive:3,price source,"Implicit opinion: Positive. The detailed breakdown of the Amazon price, including the use of a 10% off coupon to achieve a significantly lower final price ($998 vs $1100 on Apple's site), indicates satisfaction with","Sentiment polarity: Positive.
Sentiment cue: satisfaction with",Positive,positive
386,420:1,laptop,test,"fast, great screen, beautiful apps for a laptop;priced at 1100 on the apple website;amazon had it for 1098+ tax -  plus i had a 10% off coupon from amazon-cost me 998 plus tax- 1070- OTD!",cost,155,159,neutral,1,,Laptops_Test_Gold_Implicit_Labeled.xml,positive,negative,False,False,False,26,"gemini_direct_wrong,qwen_direct_wrong,direct_disagreement,both_direct_wrong","[{'aspect': 'discounted price', 'opinion': 'Implicit opinion: Positive.\n\nExplanation: The user highlights the significant discount obtained through a coupon (""plus i had a 10% off coupon"") which brought the final price down considerably from the original, indicating satisfaction with the lower cost.', 'polarity_reasoning': 'Positive. Sentiment cue: 10% off coupon.', 'raw_polarity_output': 'positive', 'prediction': 'positive'}, {'aspect': 'out-the-door price', 'opinion': 'Implicit opinion: Positive.\n\nThe user explicitly details the steps taken to reduce the price (finding a 10% off coupon) and highlights the final ""out-the-door"" cost, which is significantly lower than the initial listed prices, indicating satisfaction with the achieved discount.', 'polarity_reasoning': 'Sentiment polarity: Positive.\nSentiment cue: Implicit: satisfaction with the achieved discount.', 'raw_polarity_output': 'Positive', 'prediction': 'positive'}, {'aspect': 'out-the-door price', 'opinion': 'Implicit opinion: Positive.\n\nThe speaker highlights the successful application of a 10% off coupon, resulting in a significantly lower ""out-the-door"" price (1070) compared to the initial listings (1100 on Apple, 1098+tax on Amazon). This indicates satisfaction with the achieved final cost.', 'polarity_reasoning': ""Sentiment polarity: Positive.\nSentiment cue: successful application of a 10% off coupon, significantly lower 'out-the-door' price."", 'raw_polarity_output': 'Positive', 'prediction': 'positive'}]","positive,positive,positive",positive:3,discounted price,"Implicit opinion: Positive.

Explanation: The user highlights the significant discount obtained through a coupon (""plus i had a 10% off coupon"") which brought the final price down considerably from the original, indicating satisfaction with the lower cost.",Positive. Sentiment cue: 10% off coupon.,positive,positive
518,33071731#1007204#4,restaurant,test,The unfortunate lady next to us thought she had ordered a salad (including asking for salad dressing) and was instead given a quesedilla.,salad,58,63,neutral,1,,Restaurants_Test_Gold_Implicit_Labeled.xml,positive,negative,False,False,False,26,"gemini_direct_wrong,qwen_direct_wrong,direct_disagreement,both_direct_wrong","[{'aspect': 'salad dressing', 'opinion': 'Implicit opinion: Positive.\n\nExplanation: The lady specifically ""asked for salad dressing,"" indicating she wanted it as part of her intended meal (a salad).', 'polarity_reasoning': 'Positive.\nSentiment cue: asked for salad dressing.', 'raw_polarity_output': 'Positive', 'prediction': 'positive'}, {'aspect': 'salad dressing', 'opinion': 'no sentiment evidence', 'polarity_reasoning': 'Sentiment polarity: Neutral', 'raw_polarity_output': 'Neutral', 'prediction': 'neutral'}, {'aspect': 'salad dressing', 'opinion': 'no sentiment evidence', 'polarity_reasoning': 'Sentiment polarity: Neutral', 'raw_polarity_output': 'Neutral', 'prediction': 'neutral'}]","positive,neutral,neutral",neutral:2;positive:1,salad dressing,no sentiment evidence,Sentiment polarity: Neutral,Neutral,neutral
538,443:1,laptop,test,"This version of MacBook Pro runs on a third-generation CPU (""Ivy Bridge""), not the latest fourth-generation Haswell CPU the 2013 version has.",fourth-generation Haswell CPU,90,119,neutral,1,,Laptops_Test_Gold_Implicit_Labeled.xml,positive,negative,False,False,False,26,"gemini_direct_wrong,qwen_direct_wrong,direct_disagreement,both_direct_wrong","[{'aspect': 'general', 'opinion': 'Implicit opinion: Positive. The ""fourth-generation Haswell CPU"" is described as ""the latest,"" implying it is superior or more desirable than the older ""third-generation CPU.""', 'polarity_reasoning': 'Positive (Implicit cue: ""the latest"")', 'raw_polarity_output': 'positive', 'prediction': 'positive'}, {'aspect': 'latest generation', 'opinion': 'Implicit opinion: Positive.\n\nExplanation: The ""fourth-generation Haswell CPU"" is explicitly', 'polarity_reasoning': 'Sentiment polarity: Positive.\nImplicit cue: not the latest', 'raw_polarity_output': 'Positive', 'prediction': 'positive'}, {'aspect': 'recency', 'opinion': 'Implicit opinion: Positive.\nExplanation: It is explicitly described as ""the latest,"" indicating it is', 'polarity_reasoning': 'Positive (cue: ""the latest"")', 'raw_polarity_output': 'positive', 'prediction': 'positive'}]","positive,positive,positive",positive:3,general,"Implicit opinion: Positive. The ""fourth-generation Haswell CPU"" is described as ""the latest,"" implying it is superior or more desirable than the older ""third-generation CPU.""","Positive (Implicit cue: ""the latest"")",positive,positive
617,884:1,laptop,test,I had to get Apple Customer Support to correct the problem.,Apple Customer Support,13,35,neutral,1,,Laptops_Test_Gold_Implicit_Labeled.xml,positive,negative,False,False,False,26,"gemini_direct_wrong,qwen_direct_wrong,direct_disagreement,both_direct_wrong","[{'aspect': 'general', 'opinion': 'no sentiment evidence.\n\nThe sentence merely states that Apple Customer Support was utilized to resolve an issue,', 'polarity_reasoning': 'Sentiment polarity: Neutral', 'raw_polarity_output': 'Neutral', 'prediction': 'neutral'}, {'aspect': 'general', 'opinion': 'Implicit opinion: Positive.\n\nApple Customer Support successfully corrected the problem, indicating that they were effective or helpful in resolving the issue for the user.', 'polarity_reasoning': 'Positive. Sentiment cue: successfully corrected the problem, effective, helpful.', 'raw_polarity_output': 'positive', 'prediction': 'positive'}, {'aspect': 'general', 'opinion': 'Implicit opinion: Positive.\n\nThe customer support successfully corrected a problem, indicating effectiveness in their', 'polarity_reasoning': 'Sentiment polarity: Positive.\nSentiment cue: successfully corrected a problem.', 'raw_polarity_output': 'positive', 'prediction': 'positive'}]","neutral,positive,positive",neutral:1;positive:2,general,"Implicit opinion: Positive.

Apple Customer Support successfully corrected the problem, indicating that they were effective or helpful in resolving the issue for the user.","Positive. Sentiment cue: successfully corrected the problem, effective, helpful.",positive,positive
1074,11350142#1253117#2,restaurant,test,"Two complaints- their appetizer selection stinks, it would be nice to get some mozzarella sticks on the menu.",mozzarella sticks,79,96,neutral,1,,Restaurants_Test_Gold_Implicit_Labeled.xml,positive,negative,False,False,False,26,"gemini_direct_wrong,qwen_direct_wrong,direct_disagreement,both_direct_wrong","[{'aspect': 'availability', 'opinion': 'Implicit opinion: Positive.\n\nThe speaker suggests adding mozzarella sticks to the menu as a desirable improvement to the ""stinky"" appetizer selection, indicating a positive view of mozzarella sticks themselves.', 'polarity_reasoning': 'Sentiment polarity: Positive, with the implicit sentiment cue ""it would be nice to get some mozzarella sticks on the menu.""', 'raw_polarity_output': 'Positive', 'prediction': 'positive'}, {'aspect': 'menu inclusion', 'opinion': 'Implicit opinion: Positive.\n\nThe speaker explicitly states ""it would be nice to get some mozzarella sticks on the menu,"" indicating a desire for their inclusion.', 'polarity_reasoning': 'Sentiment polarity: Positive\nSentiment cue: it would be nice to get', 'raw_polarity_output': 'positive', 'prediction': 'positive'}, {'aspect': 'availability', 'opinion': 'Implicit opinion: Positive. The speaker explicitly states ""it would be nice to get some mozzarella sticks on the menu,"" indicating a desire for their availability, which implies a positive view of mozzarella sticks as an appetizer option.', 'polarity_reasoning': 'Sentiment polarity: Positive. Sentiment cue: ""it would be nice to get some mozzarella sticks on the menu.""', 'raw_polarity_output': 'Positive', 'prediction': 'positive'}]","positive,positive,positive",positive:3,availability,"Implicit opinion: Positive.

The speaker suggests adding mozzarella sticks to the menu as a desirable improvement to the ""stinky"" appetizer selection, indicating a positive view of mozzarella sticks themselves.","Sentiment polarity: Positive, with the implicit sentiment cue ""it would be nice to get some mozzarella sticks on the menu.""",Positive,positive
9,282:9,laptop,test,No installation disk (DVD) is included.,installation disk (DVD),3,26,neutral,1,,Laptops_Test_Gold_Implicit_Labeled.xml,negative,negative,False,False,True,23,"gemini_direct_wrong,qwen_direct_wrong,both_direct_wrong","[{'aspect': 'dvd type', 'opinion': 'no sentiment evidence', 'polarity_reasoning': 'Sentiment polarity: Neutral\nImplicit sentiment cue: Factual statement (""No installation disk (DVD) is included."")', 'raw_polarity_output': 'Neutral', 'prediction': 'neutral'}, {'aspect': 'inclusion', 'opinion': 'no sentiment evidence.\n\nExplanation: The statement ""No installation disk (DVD) is included"" is a factual description of what is *not* part of the package. It does not inherently express a positive or negative opinion about the absence of the disk; it simply states a', 'polarity_reasoning': 'Sentiment polarity: Neutral', 'raw_polarity_output': 'neutral', 'prediction': 'neutral'}, {'aspect': 'inclusion', 'opinion': 'Negative.\n\n**Explanation:** The explicit mention that ""No installation disk (DVD)', 'polarity_reasoning': 'Sentiment polarity: Positive\nSentiment cue: No...is included (implies desire for its inclusion', 'raw_polarity_output': 'positive', 'prediction': 'positive'}]","neutral,neutral,positive",neutral:2;positive:1,dvd type,no sentiment evidence,"Sentiment polarity: Neutral
Implicit sentiment cue: Factual statement (""No installation disk (DVD) is included."")",Neutral,neutral
18,33085939#758010#0,restaurant,test,"While there's a decent menu, it shouldn't take ten minutes to get your drinks and 45 for a dessert pizza.",drinks,71,77,neutral,1,,Restaurants_Test_Gold_Implicit_Labeled.xml,negative,negative,False,False,True,23,"gemini_direct_wrong,qwen_direct_wrong,both_direct_wrong","[{'aspect': 'wait time', 'opinion': 'Implicit opinion: Negative.\n\nThe phrase ""it shouldn\'t take ten minutes to get your drinks"" implies that a ten-minute wait for drinks is considered too long or unsatisfactory by the speaker.', 'polarity_reasoning': 'Sentiment polarity: Negative.\nSentiment cue: ""it shouldn\'t take ten minutes to get your drinks""', 'raw_polarity_output': 'Negative', 'prediction': 'negative'}, {'aspect': 'time to receive', 'opinion': 'Implicit opinion: Negative.\nThe phrase ""it shouldn\'t take ten minutes to get your drinks"" indicates that ten minutes is considered an unacceptably long time for drinks.', 'polarity_reasoning': 'Sentiment polarity: Negative (Implicit cue: ""it shouldn\'t take ten minutes"")', 'raw_polarity_output': 'negative', 'prediction': 'negative'}, {'aspect': 'waiting time', 'opinion': 'Implicit opinion: Negative.\nExplanation: The phrase ""it shouldn\'t take ten minutes to get your drinks"" expresses dissatisfaction, implying that ten minutes is an unacceptably long waiting time for drinks.', 'polarity_reasoning': 'Negative, ""it shouldn\'t take ten minutes to get your drinks""', 'raw_polarity_output': 'Negative', 'prediction': 'negative'}]","negative,negative,negative",negative:3,wait time,"Implicit opinion: Negative.

The phrase ""it shouldn't take ten minutes to get your drinks"" implies that a ten-minute wait for drinks is considered too long or unsatisfactory by the speaker.","Sentiment polarity: Negative.
Sentiment cue: ""it shouldn't take ten minutes to get your drinks""",Negative,negative
19,33085939#758010#0,restaurant,test,"While there's a decent menu, it shouldn't take ten minutes to get your drinks and 45 for a dessert pizza.",dessert pizza,91,104,neutral,1,,Restaurants_Test_Gold_Implicit_Labeled.xml,negative,negative,False,False,True,23,"gemini_direct_wrong,qwen_direct_wrong,both_direct_wrong","[{'aspect': 'preparation time', 'opinion': 'Implicit opinion: Negative.\n\nExplanation: The phrase ""it shouldn\'t take... 45 for a dessert pizza"" indicates that 45 minutes is considered an unreasonably long preparation time for this item.', 'polarity_reasoning': 'Negative.\nSentiment cue: ""it shouldn\'t take... 45 for a dessert pizza""', 'raw_polarity_output': 'Negative', 'prediction': 'negative'}, {'aspect': 'preparation time', 'opinion': 'Implicit opinion: Negative.\n\nThe sentence states ""it shouldn\'t take... 45 for a dessert pizza,"" indicating that 45 minutes is considered an unacceptably long preparation time for this item.', 'polarity_reasoning': 'Negative, cue: ""it shouldn\'t take... 45 for a dessert pizza""', 'raw_polarity_output': 'Negative', 'prediction': 'negative'}, {'aspect': 'wait time', 'opinion': 'Implicit opinion: no sentiment evidence.\n\nExplanation: The complaint is about the excessive wait time', 'polarity_reasoning': 'Sentiment polarity: Neutral\nSentiment cue: No sentiment evidence.', 'raw_polarity_output': 'Neutral', 'prediction': 'neutral'}]","negative,negative,neutral",negative:2;neutral:1,preparation time,"Implicit opinion: Negative.

Explanation: The phrase ""it shouldn't take... 45 for a dessert pizza"" indicates that 45 minutes is considered an unreasonably long preparation time for this item.","Negative.
Sentiment cue: ""it shouldn't take... 45 for a dessert pizza""",Negative,negative
164,124:1,laptop,test,I did add a SSD drive and memory,SSD drive,12,21,neutral,1,,Laptops_Test_Gold_Implicit_Labeled.xml,positive,positive,False,False,True,23,"gemini_direct_wrong,qwen_direct_wrong,both_direct_wrong","[{'aspect': 'general', 'opinion': 'no sentiment evidence. The sentence merely states the factual action of adding an SSD drive without any evaluative language', 'polarity_reasoning': 'Sentiment polarity: Neutral', 'raw_polarity_output': 'Neutral', 'prediction': 'neutral'}, {'aspect': 'general', 'opinion': 'Implicit opinion: Positive\nExplanation: Adding an SSD is generally considered an upgrade that improves computer performance, implying a positive view towards its inclusion.', 'polarity_reasoning': 'Sentiment polarity: Positive\nSentiment cue: add', 'raw_polarity_output': 'positive', 'prediction': 'positive'}, {'aspect': 'general', 'opinion': 'no sentiment evidence.', 'polarity_reasoning': 'Sentiment polarity: Neutral', 'raw_polarity_output': 'Neutral', 'prediction': 'neutral'}]","neutral,positive,neutral",neutral:2;positive:1,general,no sentiment evidence. The sentence merely states the factual action of adding an SSD drive without any evaluative language,Sentiment polarity: Neutral,Neutral,neutral
690,35693216#1233439#1,restaurant,test,"The happy hour is so cheap, but that does not reflect the service or the atmosphere.",atmosphere,73,83,positive,1,,Restaurants_Test_Gold_Implicit_Labeled.xml,negative,neutral,False,False,False,26,"gemini_direct_wrong,qwen_direct_wrong,direct_disagreement,both_direct_wrong","[{'aspect': 'general', 'opinion': 'Implicit opinion: Negative.\n\nExplanation: The phrase ""but that does not reflect""', 'polarity_reasoning': 'Negative.\nSentiment cue: but that does not reflect', 'raw_polarity_output': 'negative', 'prediction': 'negative'}, {'aspect': 'quality', 'opinion': 'Negative. The phrase ""that does not reflect"" in contrast to ""so cheap"" implies that the atmosphere', 'polarity_reasoning': 'Negative. Sentiment cue: ""that does not reflect"" (implying a negative quality not matching the cheap price).', 'raw_polarity_output': 'negative', 'prediction': 'negative'}, {'aspect': 'general', 'opinion': 'Implicit opinion: positive.\n\nExplanation: The phrase ""that does not reflect the atmosphere"" implies that the atmosphere is better than what one would expect from a ""so cheap"" happy hour.', 'polarity_reasoning': 'Sentiment polarity: Positive\nSentiment cue: ""that does not reflect the atmosphere"" (implies it\'s better than expected for the price)', 'raw_polarity_output': 'positive', 'prediction': 'positive'}]","negative,negative,positive",negative:2;positive:1,general,"Implicit opinion: Negative.

Explanation: The phrase ""but that does not reflect""","Negative.
Sentiment cue: but that does not reflect",negative,negative
446,578:1,laptop,test,I was concerned that the downgrade to the regular hard drive would make it unacceptably slow but I need not have worried - this machine is the fastest I have ever owned...,regular hard drive,42,60,positive,1,,Laptops_Test_Gold_Implicit_Labeled.xml,negative,negative,False,False,True,23,"gemini_direct_wrong,qwen_direct_wrong,both_direct_wrong","[{'aspect': 'slowness', 'opinion': 'Implicit opinion: Negative.\n\nThe speaker was ""concerned"" that the regular hard drive would make the machine ""unacceptably slow,"" indicating that slowness was viewed as an undesirable characteristic.', 'polarity_reasoning': 'Sentiment polarity: Negative\nSentiment cue: concerned, unacceptably slow', 'raw_polarity_output': 'Negative', 'prediction': 'negative'}, {'aspect': 'speed', 'opinion': 'Implicit opinion: Negative.\n\nExplanation: The speaker was ""concerned"" that the ""downgrade to the regular', 'polarity_reasoning': 'Sentiment polarity: Negative\nSentiment cue: concerned', 'raw_polarity_output': 'negative', 'prediction': 'negative'}, {'aspect': 'speed', 'opinion': 'Implicit opinion: Negative.\n\nExplanation: The phrase ""downgrade to the regular hard drive would make it unacceptably slow""', 'polarity_reasoning': 'Sentiment polarity: Negative. Sentiment cue: unacceptably slow', 'raw_polarity_output': 'negative', 'prediction': 'negative'}]","negative,negative,negative",negative:3,slowness,"Implicit opinion: Negative.

The speaker was ""concerned"" that the regular hard drive would make the machine ""unacceptably slow,"" indicating that slowness was viewed as an undesirable characteristic.","Sentiment polarity: Negative
Sentiment cue: concerned, unacceptably slow",Negative,negative
498,479:6,laptop,test,"However, the experience was great since the OS does not become unstable and the application will simply shutdown and reopen.",application,80,91,positive,1,,Laptops_Test_Gold_Implicit_Labeled.xml,neutral,neutral,False,False,True,23,"gemini_direct_wrong,qwen_direct_wrong,both_direct_wrong","[{'aspect': 'error handling', 'opinion': 'Implicit opinion: Positive.\n\nThe sentence explicitly states ""the experience was great since the application will simply shutdown and reopen,"" directly linking the application\'s error handling (shutting down and reopening) to a positive user experience.', 'polarity_reasoning': 'Sentiment polarity: Positive\nSentiment cue: great', 'raw_polarity_output': 'positive', 'prediction': 'positive'}, {'aspect': 'recovery behavior', 'opinion': 'Implicit opinion: Positive.\n\nThe sentence states that the ""experience was great"" *because* ""the application will simply shutdown and reopen,"" indicating that this recovery behavior is considered a desirable and positive characteristic.', 'polarity_reasoning': 'Sentiment polarity: Positive. Implicit cue: The application\'s behavior (""will simply shutdown and reopen"") is presented as a reason for the ""great experience.""', 'raw_polarity_output': 'positive', 'prediction': 'positive'}, {'aspect': 'error handling', 'opinion': 'Implicit opinion: Positive. The application\'s error handling (shutting down and reopening) is presented as a reason for a ""great experience"" because it prevents the OS from becoming unstable.', 'polarity_reasoning': 'Positive.\nSentiment cue: ""great experience"" (due to the application\'s behavior preventing OS instability).', 'raw_polarity_output': 'positive', 'prediction': 'positive'}]","positive,positive,positive",positive:3,error handling,"Implicit opinion: Positive.

The sentence explicitly states ""the experience was great since the application will simply shutdown and reopen,"" directly linking the application's error handling (shutting down and reopening) to a positive user experience.","Sentiment polarity: Positive
Sentiment cue: great",positive,positive
595,940:1,laptop,test,"The screen, the software and the smoothness of the operating system.",screen,4,10,positive,1,,Laptops_Test_Gold_Implicit_Labeled.xml,neutral,neutral,False,False,True,23,"gemini_direct_wrong,qwen_direct_wrong,both_direct_wrong","[{'aspect': 'general', 'opinion': 'no sentiment evidence', 'polarity_reasoning': 'Sentiment polarity: Neutral\nSentiment cue: no sentiment evidence', 'raw_polarity_output': 'neutral', 'prediction': 'neutral'}, {'aspect': 'general', 'opinion': 'no sentiment evidence.', 'polarity_reasoning': 'Sentiment polarity: neutral', 'raw_polarity_output': 'neutral', 'prediction': 'neutral'}, {'aspect': 'general', 'opinion': 'no sentiment evidence', 'polarity_reasoning': 'Sentiment polarity: Neutral', 'raw_polarity_output': 'neutral', 'prediction': 'neutral'}]","neutral,neutral,neutral",neutral:3,general,no sentiment evidence,"Sentiment polarity: Neutral
Sentiment cue: no sentiment evidence",neutral,neutral
689,35693216#1233439#1,restaurant,test,"The happy hour is so cheap, but that does not reflect the service or the atmosphere.",service,58,65,positive,1,,Restaurants_Test_Gold_Implicit_Labeled.xml,negative,negative,False,False,True,23,"gemini_direct_wrong,qwen_direct_wrong,both_direct_wrong","[{'aspect': 'general', 'opinion': 'Negative. The phrase ""that does not reflect the service"" implies that the service', 'polarity_reasoning': 'Negative. Implicit sentiment cue: ""that does not reflect"" (implying the service is *not* as good as the cheap price).', 'raw_polarity_output': 'negative', 'prediction': 'negative'}, {'aspect': 'general', 'opinion': 'Implicit opinion: Negative.\n\nThe phrase ""but that does not reflect the service"" implies a', 'polarity_reasoning': 'Negative.\nSentiment cue: ""but that does not reflect the service""', 'raw_polarity_output': 'Negative', 'prediction': 'negative'}, {'aspect': 'general', 'opinion': 'Implicit opinion: positive.\n\nExplanation: The phrase ""that does not reflect the service"" implies that the service is of a higher quality than what the cheap happy hour price might suggest.', 'polarity_reasoning': 'Sentiment polarity: Positive\nSentiment cue: ""that does not reflect the service"" (implying the service is better than the cheap price suggests)', 'raw_polarity_output': 'positive', 'prediction': 'positive'}]","negative,negative,positive",negative:2;positive:1,general,"Negative. The phrase ""that does not reflect the service"" implies that the service","Negative. Implicit sentiment cue: ""that does not reflect"" (implying the service is *not* as good as the cheap price).",negative,negative
642,36244423#1058258#1,restaurant,test,The staff is 100% Italian and the food is as authentic as it gets.,staff,4,9,positive,1,,Restaurants_Test_Gold_Implicit_Labeled.xml,neutral,positive,False,True,False,13,"gemini_direct_wrong,direct_disagreement","[{'aspect': 'nationality', 'opinion': 'Positive.\n\nThe Italian nationality of the staff is presented as a positive attribute because it is directly linked to', 'polarity_reasoning': 'Sentiment polarity: Positive\nSentiment cue: Implicit. The Italian nationality of the staff is presented as a positive attribute because it is directly linked to the highly positive ""authentic food"".', 'raw_polarity_output': 'positive', 'prediction': 'positive'}, {'aspect': 'nationality', 'opinion': 'Implicit opinion: Positive.\nThe nationality of the staff is presented as a contributing factor to the ""authentic"" food, which is highly praised, suggesting that having an Italian staff is seen as a desirable trait for an Italian restaurant.', 'polarity_reasoning': 'Sentiment polarity: Positive\nSentiment cue: authentic as it gets', 'raw_polarity_output': 'positive', 'prediction': 'positive'}, {'aspect': 'nationality', 'opinion': 'Implicit opinion: Positive.\n\nThe sentence explicitly links the 100% Italian staff to the food being ""as authentic as it gets,"" implying that the staff\'s nationality is a positive factor contributing to the desired authenticity of the food.', 'polarity_reasoning': 'Positive.\nSentiment cue: as authentic as it gets', 'raw_polarity_output': 'positive', 'prediction': 'positive'}]","positive,positive,positive",positive:3,nationality,"Positive.

The Italian nationality of the staff is presented as a positive attribute because it is directly linked to","Sentiment polarity: Positive
Sentiment cue: Implicit. The Italian nationality of the staff is presented as a positive attribute because it is directly linked to the highly positive ""authentic food"".",positive,positive
145,35693214#539116#1,restaurant,test,The steak melted in my mouth.,steak,4,9,positive,1,,Restaurants_Test_Gold_Implicit_Labeled.xml,positive,negative,True,False,False,11,"qwen_direct_wrong,direct_disagreement","[{'aspect': 'tenderness', 'opinion': 'Positive. The phrase ""melted in my mouth"" is an idiom used to express extreme tenderness and deliciousness, which is a highly desirable quality for steak.', 'polarity_reasoning': 'Positive. Cue: ""melted in my mouth""', 'raw_polarity_output': 'Positive', 'prediction': 'positive'}, {'aspect': 'tenderness', 'opinion': 'Implicit opinion: Positive.\nExplanation: The idiom ""melted in my mouth"" is universally used to describe food that is exceptionally tender and delightful, indicating a highly desirable quality.', 'polarity_reasoning': 'Positive (Implicit: melted in my mouth)', 'raw_polarity_output': 'Positive', 'prediction': 'positive'}, {'aspect': 'tenderness', 'opinion': 'Positive. ""Melted in my mouth"" is an idiom used to describe food that is exceptionally tender and enjoyable, indicating a highly desirable quality for steak.', 'polarity_reasoning': 'Positive. ""Melted in my mouth""', 'raw_polarity_output': 'positive', 'prediction': 'positive'}]","positive,positive,positive",positive:3,tenderness,"Positive. The phrase ""melted in my mouth"" is an idiom used to express extreme tenderness and deliciousness, which is a highly desirable quality for steak.","Positive. Cue: ""melted in my mouth""",Positive,positive
154,503:1,laptop,test,Can you buy any laptop that matches the quality of a MacBook?,quality,40,47,positive,1,,Laptops_Test_Gold_Implicit_Labeled.xml,positive,neutral,True,False,False,11,"qwen_direct_wrong,direct_disagreement","[{'aspect': 'general', 'opinion': 'Implicit opinion: Positive.\n\nThe question uses MacBook quality as a high standard or benchmark that other laptops are challenged to match, implying that its quality is superior or highly regarded.', 'polarity_reasoning': 'Sentiment polarity: Positive\nSentiment cue: high standard or benchmark, superior or highly regarded', 'raw_polarity_output': 'positive', 'prediction': 'positive'}, {'aspect': 'general', 'opinion': 'Implicit opinion: Positive.\n\nThe sentence uses ""quality of a MacBook"" as a high benchmark, implying that MacBook quality is desirable and difficult for other laptops to match.', 'polarity_reasoning': 'Sentiment polarity: Positive.\nSentiment cue: ""quality of a MacBook"" as a high benchmark.', 'raw_polarity_output': 'positive', 'prediction': 'positive'}, {'aspect': 'general', 'opinion': 'Implicit opinion: Positive.\n\nThe sentence uses ""the quality of a MacBook"" as a high standard or benchmark that other laptops are being challenged to meet, implying that MacBook quality is generally perceived as desirable or superior.', 'polarity_reasoning': 'Positive.\nSentiment cue: high standard or benchmark.', 'raw_polarity_output': 'positive', 'prediction': 'positive'}]","positive,positive,positive",positive:3,general,"Implicit opinion: Positive.

The question uses MacBook quality as a high standard or benchmark that other laptops are challenged to match, implying that its quality is superior or highly regarded.","Sentiment polarity: Positive
Sentiment cue: high standard or benchmark, superior or highly regarded",positive,positive
164,35709337#1579632#6,restaurant,test,"Anywhere else, the prices would be 3x as high!",prices,19,25,positive,1,,Restaurants_Test_Gold_Implicit_Labeled.xml,positive,negative,True,False,False,11,"qwen_direct_wrong,direct_disagreement","[{'aspect': 'cost', 'opinion': 'Implicit opinion: Positive. The statement ""Anywhere else, the prices would be 3x as high!"" implies that the current prices are exceptionally low and therefore a good deal, eliciting a positive sentiment.', 'polarity_reasoning': 'Sentiment polarity: Positive. Implicit cue: ""Anywhere else, the prices would be 3x as high!""', 'raw_polarity_output': 'positive', 'prediction': 'positive'}, {'aspect': 'level', 'opinion': 'Implicit opinion: Positive\nExplanation: The statement highlights that prices elsewhere are much higher, implicitly suggesting that the current prices are comparatively low and therefore favorable.', 'polarity_reasoning': 'Sentiment polarity: Positive\nSentiment cue: Implicit: ""3x as high!"" (implies current prices are comparatively low and favorable)', 'raw_polarity_output': 'positive', 'prediction': 'positive'}, {'aspect': 'level', 'opinion': 'Implicit opinion: Positive. The statement implies that the current prices are significantly lower and therefore more favorable than what one would find elsewhere.', 'polarity_reasoning': 'Sentiment polarity: Positive\nSentiment cue: 3x as high (implies current prices are low and favorable)', 'raw_polarity_output': 'positive', 'prediction': 'positive'}]","positive,positive,positive",positive:3,cost,"Implicit opinion: Positive. The statement ""Anywhere else, the prices would be 3x as high!"" implies that the current prices are exceptionally low and therefore a good deal, eliciting a positive sentiment.","Sentiment polarity: Positive. Implicit cue: ""Anywhere else, the prices would be 3x as high!""",positive,positive
349,11351628#404492#2,restaurant,test,Dieters stick to salads or indulge in vegetarian platters.,salads,17,23,positive,1,,Restaurants_Test_Gold_Implicit_Labeled.xml,positive,neutral,True,False,False,11,"qwen_direct_wrong,direct_disagreement","[{'aspect': 'general', 'opinion': 'Implicit opinion: Positive.**\n\n**Explanation:** The phrase ""Dieters stick to salads', 'polarity_reasoning': 'Sentiment polarity: Positive.\nSentiment cue: ""stick to"" (implies a preferred or beneficial choice for dieters).', 'raw_polarity_output': 'positive', 'prediction': 'positive'}, {'aspect': 'general', 'opinion': 'Implicit opinion: Positive\nBecause dieters ""stick to"" salads, implying they are a healthy, low', 'polarity_reasoning': 'Sentiment polarity: Positive (stick to)', 'raw_polarity_output': 'positive', 'prediction': 'positive'}, {'aspect': 'general', 'opinion': 'Implicit opinion: Positive.\n\nSalads are presented as a food choice that dieters ""stick to,"" implying they are perceived as healthy or beneficial for weight management.', 'polarity_reasoning': 'Sentiment polarity: Positive (Implicit: ""stick to"")', 'raw_polarity_output': 'positive', 'prediction': 'positive'}]","positive,positive,positive",positive:3,general,"Implicit opinion: Positive.**

**Explanation:** The phrase ""Dieters stick to salads","Sentiment polarity: Positive.
Sentiment cue: ""stick to"" (implies a preferred or beneficial choice for dieters).",positive,positive
