gap_case,id,domain,polarity,sentence,target,direct_prediction,thor_prediction,diagnostic_label,current_selected_source,current_selected_prediction,oracle_source,oracle_prediction,meta_selector_source,meta_selector_prediction,error_type,diagnostic_confidence,sc_vote_counts,direct_to_thor_transition,current_to_oracle_source,current_to_oracle_label,meta_to_oracle_source,sc_vote_margin,sc_top_vote_share,sc_unanimous
headroom_current_wrong_oracle_correct,385,laptop,neutral,"fast, great screen, beautiful apps for a laptop;priced at 1100 on the apple website;amazon had it for 1098+ tax -  plus i had a 10% off coupon from amazon-cost me 998 plus tax- 1070- OTD!",priced,negative,neutral,neutral,direct,negative,thor,neutral,direct,negative,no_error,high,neutral:2;positive:1,negative->neutral,direct->thor,negative->neutral,direct->thor,1,0.6666666666666666,False
headroom_current_wrong_oracle_correct,458,laptop,neutral,The power plug has to be connected to the power adaptor to charge the battery but won't stay connected.,battery,negative,neutral,neutral,direct,negative,thor,neutral,direct,negative,no_error,high,neutral:3,negative->neutral,direct->thor,negative->neutral,direct->thor,3,1.0,True
headroom_current_wrong_oracle_correct,470,laptop,neutral,"There is no ""tools"" menu.","""tools"" menu",negative,neutral,neutral,direct,negative,thor,neutral,direct,negative,no_error,high,neutral:3,negative->neutral,direct->thor,negative->neutral,direct->thor,3,1.0,True
headroom_current_wrong_oracle_correct,472,laptop,neutral,Needs a CD/DVD drive and a bigger power switch.,CD/DVD drive,negative,neutral,neutral,direct,negative,thor,neutral,direct,negative,no_error,high,neutral:3,negative->neutral,direct->thor,negative->neutral,direct->thor,3,1.0,True
headroom_current_wrong_oracle_correct,498,laptop,positive,"However, the experience was great since the OS does not become unstable and the application will simply shutdown and reopen.",application,neutral,positive,positive,direct,neutral,thor,positive,direct,neutral,no_error,high,positive:3,neutral->positive,direct->thor,neutral->positive,direct->thor,3,1.0,True
headroom_current_wrong_oracle_correct,515,laptop,neutral,"Chatting with Acer support, I was advised the problem was corrupted operating system files.",Acer support,negative,neutral,neutral,direct,negative,thor,neutral,direct,negative,no_error,high,negative:1;neutral:2,negative->neutral,direct->thor,negative->neutral,direct->thor,1,0.6666666666666666,False
headroom_current_wrong_oracle_correct,526,laptop,positive,I was a little worry at first because I don't have a lot of experience with os.x and windows has always been second nature to me after many years of using windows.,windows,neutral,positive,negative,direct,neutral,thor,positive,direct,neutral,missed_implicit_negative,high,positive:3,neutral->positive,direct->thor,neutral->positive,direct->thor,3,1.0,True
headroom_current_wrong_oracle_correct,568,laptop,positive,I will upgrade the ram myself (because with this model you can you can do it) later on.,upgrade the ram,neutral,positive,positive,direct,neutral,thor,positive,direct,neutral,no_error,high,positive:3,neutral->positive,direct->thor,neutral->positive,direct->thor,3,1.0,True
headroom_current_wrong_oracle_correct,619,laptop,negative,A veryimportant feature is Firewire 800 which in my experience works better then USB3 (in PC enabled with USB3)I was not originally sold on the MAC OS I felt it was inferior in many ways To Windows 7.,USB3,neutral,negative,negative,direct,neutral,thor,negative,direct,neutral,missed_implicit_negative,high,negative:2;neutral:1,neutral->negative,direct->thor,neutral->negative,direct->thor,1,0.6666666666666666,False
headroom_current_wrong_oracle_correct,350,restaurant,positive,Dieters stick to salads or indulge in vegetarian platters.,vegetarian platters,neutral,positive,positive,direct,neutral,thor,positive,direct,neutral,no_error,high,neutral:1;positive:2,neutral->positive,direct->thor,neutral->positive,direct->thor,1,0.6666666666666666,False
headroom_current_wrong_oracle_correct,362,restaurant,positive,"It's just everything...the food, the atmosphere...the incrediby kind and gracious hostess.",atmosphere,neutral,positive,positive,direct,neutral,thor,positive,direct,neutral,no_error,high,positive:3,neutral->positive,direct->thor,neutral->positive,direct->thor,3,1.0,True
headroom_current_wrong_oracle_correct,366,restaurant,neutral,I usually get one the Vietnamese Beef Noodle Soup.,Vietnamese Beef Noodle Soup,positive,neutral,neutral,direct,positive,thor,neutral,direct,positive,no_error,high,neutral:3,positive->neutral,direct->thor,positive->neutral,direct->thor,3,1.0,True
headroom_current_wrong_oracle_correct,387,restaurant,neutral,"Unfortunately, we chose this spot for lunch as we had done a lot of walking and ended up at the South St Seaport.",lunch,neutral,negative,negative,thor,negative,direct,neutral,thor,negative,missed_implicit_negative,high,negative:3,neutral->negative,thor->direct,negative->neutral,thor->direct,3,1.0,True
headroom_current_wrong_oracle_correct,476,restaurant,neutral,"The food was definitely good, but when all was said and done, I just couldn't justify it for the price (including 2 drinks, $100/person)...",drinks,neutral,negative,negative,thor,negative,direct,neutral,thor,negative,missed_implicit_negative,high,negative:3,neutral->negative,thor->direct,negative->neutral,thor->direct,3,1.0,True
headroom_current_wrong_oracle_correct,538,restaurant,positive,They specialize in smoothies and fresh juices.,smoothies,neutral,positive,positive,direct,neutral,thor,positive,direct,neutral,no_error,high,positive:3,neutral->positive,direct->thor,neutral->positive,direct->thor,3,1.0,True
headroom_current_wrong_oracle_correct,539,restaurant,positive,They specialize in smoothies and fresh juices.,fresh juices,neutral,positive,positive,direct,neutral,thor,positive,direct,neutral,no_error,high,positive:3,neutral->positive,direct->thor,neutral->positive,direct->thor,3,1.0,True
headroom_current_wrong_oracle_correct,544,restaurant,neutral,The manager then told us we could order from whatever menu we wanted but by that time we were so annoyed with the waiter and the resturant that we let and went some place else.,manager,neutral,negative,negative,thor,negative,direct,neutral,thor,negative,missed_implicit_negative,high,negative:3,neutral->negative,thor->direct,negative->neutral,thor->direct,3,1.0,True
headroom_current_wrong_oracle_correct,648,restaurant,positive,Have a mojito and sit in the back patio.,back patio,neutral,positive,positive,direct,neutral,thor,positive,direct,neutral,no_error,high,positive:3,neutral->positive,direct->thor,neutral->positive,direct->thor,3,1.0,True
headroom_current_wrong_oracle_correct,684,restaurant,negative,In Short The Black Sheep distinguishes itself from the Midtown pub herd with a look that's a mix of sports-bar butch and ornate kitsch.,look,positive,negative,negative,direct,positive,thor,negative,direct,positive,missed_implicit_negative,high,negative:3,positive->negative,direct->thor,positive->negative,direct->thor,3,1.0,True
headroom_current_wrong_oracle_correct,687,restaurant,neutral,then she made a fuss about not being able to add 1 or 2 chairs on either end of the table for additional people.,table,neutral,negative,negative,thor,negative,direct,neutral,thor,negative,missed_implicit_negative,high,negative:3,neutral->negative,thor->direct,negative->neutral,thor->direct,3,1.0,True
headroom_current_wrong_oracle_correct,953,restaurant,neutral,"Build a meal with side orders like Amazin' Greens salads, Buffalo Chicken Kickers and Cinna Stix.",Amazin' Greens salads,positive,neutral,neutral,direct,positive,thor,neutral,direct,positive,no_error,high,neutral:2;positive:1,positive->neutral,direct->thor,positive->neutral,direct->thor,1,0.6666666666666666,False
headroom_current_wrong_oracle_correct,960,restaurant,neutral,"Thick fries, meaty chili and stuffed baked potatoes round out a menu that includes a cool, ultra-thick chocolate Frosty.",menu,positive,neutral,neutral,direct,positive,thor,neutral,direct,positive,no_error,high,neutral:3,positive->neutral,direct->thor,positive->neutral,direct->thor,3,1.0,True
headroom_current_wrong_oracle_correct,1027,restaurant,negative,It took about 2 1/2 hours to be served our 2 courses.,served,negative,neutral,neutral,thor,neutral,direct,negative,thor,neutral,no_error,high,neutral:3,negative->neutral,thor->direct,neutral->negative,thor->direct,3,1.0,True
headroom_current_wrong_oracle_correct,1043,restaurant,negative,"The comments about fried foods is correct (below) but the other dishes, including the lamb entree and many of the salads (avocado shrimp) were quite good.",fried foods,neutral,negative,positive,direct,neutral,thor,negative,direct,neutral,missed_implicit_positive,medium,negative:3,neutral->negative,direct->thor,neutral->negative,direct->thor,3,1.0,True
headroom_current_wrong_oracle_correct,1103,restaurant,neutral,""" The menu includes pub fare--burgers, steaks and shepherds pie--and even a portabella lasagna for those black sheep known as ""vegetarians.",burgers,positive,neutral,neutral,direct,positive,thor,neutral,direct,positive,no_error,high,neutral:3,positive->neutral,direct->thor,positive->neutral,direct->thor,3,1.0,True
headroom_current_wrong_oracle_correct,1119,restaurant,neutral,I stopped by for some brunch today and had the vegan cranberry pancakes and some rice milk.,vegan cranberry pancakes,positive,neutral,neutral,direct,positive,thor,neutral,direct,positive,no_error,high,neutral:2;positive:1,positive->neutral,direct->thor,positive->neutral,direct->thor,1,0.6666666666666666,False
headroom_current_wrong_oracle_correct,1127,restaurant,negative,"I have never in my life sent back food before, but I simply had to, and the waiter argued with me over this.",food,negative,neutral,neutral,thor,neutral,direct,negative,thor,neutral,no_error,high,negative:1;neutral:2,negative->neutral,thor->direct,neutral->negative,thor->direct,1,0.6666666666666666,False
meta_miss_current_wrong_oracle_correct_meta_wrong,385,laptop,neutral,"fast, great screen, beautiful apps for a laptop;priced at 1100 on the apple website;amazon had it for 1098+ tax -  plus i had a 10% off coupon from amazon-cost me 998 plus tax- 1070- OTD!",priced,negative,neutral,neutral,direct,negative,thor,neutral,direct,negative,no_error,high,neutral:2;positive:1,negative->neutral,direct->thor,negative->neutral,direct->thor,1,0.6666666666666666,False
meta_miss_current_wrong_oracle_correct_meta_wrong,458,laptop,neutral,The power plug has to be connected to the power adaptor to charge the battery but won't stay connected.,battery,negative,neutral,neutral,direct,negative,thor,neutral,direct,negative,no_error,high,neutral:3,negative->neutral,direct->thor,negative->neutral,direct->thor,3,1.0,True
meta_miss_current_wrong_oracle_correct_meta_wrong,470,laptop,neutral,"There is no ""tools"" menu.","""tools"" menu",negative,neutral,neutral,direct,negative,thor,neutral,direct,negative,no_error,high,neutral:3,negative->neutral,direct->thor,negative->neutral,direct->thor,3,1.0,True
meta_miss_current_wrong_oracle_correct_meta_wrong,472,laptop,neutral,Needs a CD/DVD drive and a bigger power switch.,CD/DVD drive,negative,neutral,neutral,direct,negative,thor,neutral,direct,negative,no_error,high,neutral:3,negative->neutral,direct->thor,negative->neutral,direct->thor,3,1.0,True
meta_miss_current_wrong_oracle_correct_meta_wrong,498,laptop,positive,"However, the experience was great since the OS does not become unstable and the application will simply shutdown and reopen.",application,neutral,positive,positive,direct,neutral,thor,positive,direct,neutral,no_error,high,positive:3,neutral->positive,direct->thor,neutral->positive,direct->thor,3,1.0,True
meta_miss_current_wrong_oracle_correct_meta_wrong,515,laptop,neutral,"Chatting with Acer support, I was advised the problem was corrupted operating system files.",Acer support,negative,neutral,neutral,direct,negative,thor,neutral,direct,negative,no_error,high,negative:1;neutral:2,negative->neutral,direct->thor,negative->neutral,direct->thor,1,0.6666666666666666,False
meta_miss_current_wrong_oracle_correct_meta_wrong,526,laptop,positive,I was a little worry at first because I don't have a lot of experience with os.x and windows has always been second nature to me after many years of using windows.,windows,neutral,positive,negative,direct,neutral,thor,positive,direct,neutral,missed_implicit_negative,high,positive:3,neutral->positive,direct->thor,neutral->positive,direct->thor,3,1.0,True
meta_miss_current_wrong_oracle_correct_meta_wrong,568,laptop,positive,I will upgrade the ram myself (because with this model you can you can do it) later on.,upgrade the ram,neutral,positive,positive,direct,neutral,thor,positive,direct,neutral,no_error,high,positive:3,neutral->positive,direct->thor,neutral->positive,direct->thor,3,1.0,True
meta_miss_current_wrong_oracle_correct_meta_wrong,619,laptop,negative,A veryimportant feature is Firewire 800 which in my experience works better then USB3 (in PC enabled with USB3)I was not originally sold on the MAC OS I felt it was inferior in many ways To Windows 7.,USB3,neutral,negative,negative,direct,neutral,thor,negative,direct,neutral,missed_implicit_negative,high,negative:2;neutral:1,neutral->negative,direct->thor,neutral->negative,direct->thor,1,0.6666666666666666,False
meta_miss_current_wrong_oracle_correct_meta_wrong,350,restaurant,positive,Dieters stick to salads or indulge in vegetarian platters.,vegetarian platters,neutral,positive,positive,direct,neutral,thor,positive,direct,neutral,no_error,high,neutral:1;positive:2,neutral->positive,direct->thor,neutral->positive,direct->thor,1,0.6666666666666666,False
meta_miss_current_wrong_oracle_correct_meta_wrong,362,restaurant,positive,"It's just everything...the food, the atmosphere...the incrediby kind and gracious hostess.",atmosphere,neutral,positive,positive,direct,neutral,thor,positive,direct,neutral,no_error,high,positive:3,neutral->positive,direct->thor,neutral->positive,direct->thor,3,1.0,True
meta_miss_current_wrong_oracle_correct_meta_wrong,366,restaurant,neutral,I usually get one the Vietnamese Beef Noodle Soup.,Vietnamese Beef Noodle Soup,positive,neutral,neutral,direct,positive,thor,neutral,direct,positive,no_error,high,neutral:3,positive->neutral,direct->thor,positive->neutral,direct->thor,3,1.0,True
meta_miss_current_wrong_oracle_correct_meta_wrong,387,restaurant,neutral,"Unfortunately, we chose this spot for lunch as we had done a lot of walking and ended up at the South St Seaport.",lunch,neutral,negative,negative,thor,negative,direct,neutral,thor,negative,missed_implicit_negative,high,negative:3,neutral->negative,thor->direct,negative->neutral,thor->direct,3,1.0,True
meta_miss_current_wrong_oracle_correct_meta_wrong,476,restaurant,neutral,"The food was definitely good, but when all was said and done, I just couldn't justify it for the price (including 2 drinks, $100/person)...",drinks,neutral,negative,negative,thor,negative,direct,neutral,thor,negative,missed_implicit_negative,high,negative:3,neutral->negative,thor->direct,negative->neutral,thor->direct,3,1.0,True
meta_miss_current_wrong_oracle_correct_meta_wrong,538,restaurant,positive,They specialize in smoothies and fresh juices.,smoothies,neutral,positive,positive,direct,neutral,thor,positive,direct,neutral,no_error,high,positive:3,neutral->positive,direct->thor,neutral->positive,direct->thor,3,1.0,True
meta_miss_current_wrong_oracle_correct_meta_wrong,539,restaurant,positive,They specialize in smoothies and fresh juices.,fresh juices,neutral,positive,positive,direct,neutral,thor,positive,direct,neutral,no_error,high,positive:3,neutral->positive,direct->thor,neutral->positive,direct->thor,3,1.0,True
meta_miss_current_wrong_oracle_correct_meta_wrong,544,restaurant,neutral,The manager then told us we could order from whatever menu we wanted but by that time we were so annoyed with the waiter and the resturant that we let and went some place else.,manager,neutral,negative,negative,thor,negative,direct,neutral,thor,negative,missed_implicit_negative,high,negative:3,neutral->negative,thor->direct,negative->neutral,thor->direct,3,1.0,True
meta_miss_current_wrong_oracle_correct_meta_wrong,648,restaurant,positive,Have a mojito and sit in the back patio.,back patio,neutral,positive,positive,direct,neutral,thor,positive,direct,neutral,no_error,high,positive:3,neutral->positive,direct->thor,neutral->positive,direct->thor,3,1.0,True
meta_miss_current_wrong_oracle_correct_meta_wrong,684,restaurant,negative,In Short The Black Sheep distinguishes itself from the Midtown pub herd with a look that's a mix of sports-bar butch and ornate kitsch.,look,positive,negative,negative,direct,positive,thor,negative,direct,positive,missed_implicit_negative,high,negative:3,positive->negative,direct->thor,positive->negative,direct->thor,3,1.0,True
meta_miss_current_wrong_oracle_correct_meta_wrong,687,restaurant,neutral,then she made a fuss about not being able to add 1 or 2 chairs on either end of the table for additional people.,table,neutral,negative,negative,thor,negative,direct,neutral,thor,negative,missed_implicit_negative,high,negative:3,neutral->negative,thor->direct,negative->neutral,thor->direct,3,1.0,True
meta_miss_current_wrong_oracle_correct_meta_wrong,953,restaurant,neutral,"Build a meal with side orders like Amazin' Greens salads, Buffalo Chicken Kickers and Cinna Stix.",Amazin' Greens salads,positive,neutral,neutral,direct,positive,thor,neutral,direct,positive,no_error,high,neutral:2;positive:1,positive->neutral,direct->thor,positive->neutral,direct->thor,1,0.6666666666666666,False
meta_miss_current_wrong_oracle_correct_meta_wrong,960,restaurant,neutral,"Thick fries, meaty chili and stuffed baked potatoes round out a menu that includes a cool, ultra-thick chocolate Frosty.",menu,positive,neutral,neutral,direct,positive,thor,neutral,direct,positive,no_error,high,neutral:3,positive->neutral,direct->thor,positive->neutral,direct->thor,3,1.0,True
meta_miss_current_wrong_oracle_correct_meta_wrong,1027,restaurant,negative,It took about 2 1/2 hours to be served our 2 courses.,served,negative,neutral,neutral,thor,neutral,direct,negative,thor,neutral,no_error,high,neutral:3,negative->neutral,thor->direct,neutral->negative,thor->direct,3,1.0,True
meta_miss_current_wrong_oracle_correct_meta_wrong,1043,restaurant,negative,"The comments about fried foods is correct (below) but the other dishes, including the lamb entree and many of the salads (avocado shrimp) were quite good.",fried foods,neutral,negative,positive,direct,neutral,thor,negative,direct,neutral,missed_implicit_positive,medium,negative:3,neutral->negative,direct->thor,neutral->negative,direct->thor,3,1.0,True
meta_miss_current_wrong_oracle_correct_meta_wrong,1103,restaurant,neutral,""" The menu includes pub fare--burgers, steaks and shepherds pie--and even a portabella lasagna for those black sheep known as ""vegetarians.",burgers,positive,neutral,neutral,direct,positive,thor,neutral,direct,positive,no_error,high,neutral:3,positive->neutral,direct->thor,positive->neutral,direct->thor,3,1.0,True
meta_miss_current_wrong_oracle_correct_meta_wrong,1119,restaurant,neutral,I stopped by for some brunch today and had the vegan cranberry pancakes and some rice milk.,vegan cranberry pancakes,positive,neutral,neutral,direct,positive,thor,neutral,direct,positive,no_error,high,neutral:2;positive:1,positive->neutral,direct->thor,positive->neutral,direct->thor,1,0.6666666666666666,False
meta_miss_current_wrong_oracle_correct_meta_wrong,1127,restaurant,negative,"I have never in my life sent back food before, but I simply had to, and the waiter argued with me over this.",food,negative,neutral,neutral,thor,neutral,direct,negative,thor,neutral,no_error,high,negative:1;neutral:2,negative->neutral,thor->direct,neutral->negative,thor->direct,1,0.6666666666666666,False
meta_regression_current_correct_meta_wrong,164,restaurant,positive,"Anywhere else, the prices would be 3x as high!",prices,negative,positive,positive,thor,positive,thor,positive,direct,negative,no_error,high,positive:3,negative->positive,thor->thor,positive->positive,direct->thor,3,1.0,True
meta_regression_current_correct_meta_wrong,901,restaurant,positive,I HAVE NEVER HAD A BAD MEAL(OR BAD SERVICE )@ PIGALLE.,SERVICE,negative,positive,positive,thor,positive,thor,positive,direct,negative,no_error,high,positive:3,negative->positive,thor->thor,positive->positive,direct->thor,3,1.0,True
all_sources_wrong_oracle_wrong,9,laptop,neutral,No installation disk (DVD) is included.,installation disk (DVD),negative,negative,negative,direct,negative,direct,negative,direct,negative,no_error,high,negative:3,negative->negative,direct->direct,negative->negative,direct->direct,3,1.0,True
all_sources_wrong_oracle_wrong,154,laptop,positive,Can you buy any laptop that matches the quality of a MacBook?,quality,neutral,negative,negative,direct,neutral,direct,neutral,direct,neutral,no_error,high,negative:3,neutral->negative,direct->direct,neutral->neutral,direct->direct,3,1.0,True
all_sources_wrong_oracle_wrong,164,laptop,neutral,I did add a SSD drive and memory,SSD drive,positive,positive,positive,thor,positive,direct,positive,direct,positive,no_error,high,positive:3,positive->positive,thor->direct,positive->positive,direct->direct,3,1.0,True
all_sources_wrong_oracle_wrong,185,laptop,neutral,"I work as a designer and coder and I needed a new buddy to work with, not gaming.",gaming,negative,negative,negative,direct,negative,direct,negative,direct,negative,no_error,high,negative:3,negative->negative,direct->direct,negative->negative,direct->direct,3,1.0,True
all_sources_wrong_oracle_wrong,191,laptop,neutral,I think this is about as good as it gets at anything close to this price point.,price point,positive,positive,positive,thor,positive,direct,positive,direct,positive,no_error,high,positive:3,positive->positive,thor->direct,positive->positive,direct->direct,3,1.0,True
all_sources_wrong_oracle_wrong,216,laptop,neutral,"The only solution is to turn the brightness down, etc.",brightness,negative,negative,negative,direct,negative,direct,negative,direct,negative,no_error,high,negative:3,negative->negative,direct->direct,negative->negative,direct->direct,3,1.0,True
all_sources_wrong_oracle_wrong,225,laptop,neutral,I've installed to it additional SSD and 16Gb RAM.,SSD,positive,positive,positive,thor,positive,direct,positive,direct,positive,no_error,high,positive:3,positive->positive,thor->direct,positive->positive,direct->direct,3,1.0,True
all_sources_wrong_oracle_wrong,253,laptop,neutral,"In fact I still use manyLegacy programs (Appleworks, FileMaker Pro, Quicken, Photoshop etc)!",Legacy programs,positive,positive,positive,thor,positive,direct,positive,direct,positive,no_error,high,positive:3,positive->positive,thor->direct,positive->positive,direct->direct,3,1.0,True
all_sources_wrong_oracle_wrong,254,laptop,neutral,"In fact I still use manyLegacy programs (Appleworks, FileMaker Pro, Quicken, Photoshop etc)!",Appleworks,positive,positive,positive,thor,positive,direct,positive,direct,positive,no_error,high,neutral:1;positive:2,positive->positive,thor->direct,positive->positive,direct->direct,1,0.6666666666666666,False
all_sources_wrong_oracle_wrong,256,laptop,neutral,"In fact I still use manyLegacy programs (Appleworks, FileMaker Pro, Quicken, Photoshop etc)!",Quicken,positive,positive,positive,thor,positive,direct,positive,direct,positive,no_error,high,positive:3,positive->positive,thor->direct,positive->positive,direct->direct,3,1.0,True
all_sources_wrong_oracle_wrong,257,laptop,neutral,"In fact I still use manyLegacy programs (Appleworks, FileMaker Pro, Quicken, Photoshop etc)!",Photoshop,positive,positive,positive,thor,positive,direct,positive,direct,positive,no_error,high,positive:3,positive->positive,thor->direct,positive->positive,direct->direct,3,1.0,True
all_sources_wrong_oracle_wrong,315,laptop,negative,After fumbling around with the OS I started searching the internet for a fix and found a number of forums on fixing the issue.,OS,neutral,neutral,neutral,direct,neutral,direct,neutral,direct,neutral,no_error,high,neutral:3,neutral->neutral,direct->direct,neutral->neutral,direct->direct,3,1.0,True
all_sources_wrong_oracle_wrong,320,laptop,neutral,"I needed a laptop with big storage, a nice screen and fast so I can photoshop without any problem.",photoshop,positive,positive,positive,thor,positive,direct,positive,direct,positive,no_error,high,positive:3,positive->positive,thor->direct,positive->positive,direct->direct,3,1.0,True
all_sources_wrong_oracle_wrong,371,laptop,neutral,Came with iPhoto and garage band already loaded.,iPhoto,positive,positive,positive,thor,positive,direct,positive,direct,positive,no_error,high,positive:3,positive->positive,thor->direct,positive->positive,direct->direct,3,1.0,True
all_sources_wrong_oracle_wrong,386,laptop,neutral,"fast, great screen, beautiful apps for a laptop;priced at 1100 on the apple website;amazon had it for 1098+ tax -  plus i had a 10% off coupon from amazon-cost me 998 plus tax- 1070- OTD!",cost,negative,positive,positive,direct,negative,direct,negative,direct,negative,no_error,high,positive:3,negative->positive,direct->direct,negative->negative,direct->direct,3,1.0,True
all_sources_wrong_oracle_wrong,392,laptop,neutral,"The Like New condition of the iMac MC309LL/A on Amazon is at $900+ level only, and it is a Quad-Core 2.5 GHz CPU (similar to the $799 Mini), with Radeon HD 6750M 512MB graphic card (this mini is integrated Intel 4000 card), and it even comes with wireless Apple Keyboard and Mouse, all put together in neat and nice package.",wireless Apple Keyboard and Mouse,positive,positive,positive,thor,positive,direct,positive,direct,positive,no_error,high,positive:3,positive->positive,thor->direct,positive->positive,direct->direct,3,1.0,True
all_sources_wrong_oracle_wrong,446,laptop,positive,I was concerned that the downgrade to the regular hard drive would make it unacceptably slow but I need not have worried - this machine is the fastest I have ever owned...,regular hard drive,negative,negative,negative,direct,negative,direct,negative,direct,negative,no_error,high,negative:3,negative->negative,direct->direct,negative->negative,direct->direct,3,1.0,True
all_sources_wrong_oracle_wrong,451,laptop,neutral,I am replacing the HD with a Micron SSD soon.,HD,negative,negative,negative,direct,negative,direct,negative,direct,negative,no_error,high,negative:2;neutral:1,negative->negative,direct->direct,negative->negative,direct->direct,1,0.6666666666666666,False
all_sources_wrong_oracle_wrong,452,laptop,neutral,I am replacing the HD with a Micron SSD soon.,Micron SSD,positive,positive,positive,thor,positive,direct,positive,direct,positive,no_error,high,positive:3,positive->positive,thor->direct,positive->positive,direct->direct,3,1.0,True
all_sources_wrong_oracle_wrong,457,laptop,neutral,The power plug has to be connected to the power adaptor to charge the battery but won't stay connected.,power adaptor,negative,negative,negative,direct,negative,direct,negative,direct,negative,no_error,high,negative:2;neutral:1,negative->negative,direct->direct,negative->negative,direct->direct,1,0.6666666666666666,False
all_sources_wrong_oracle_wrong,465,laptop,neutral,The troubleshooting said it was the AC adaptor so we ordered a new one.,AC adaptor,negative,negative,negative,direct,negative,direct,negative,direct,negative,no_error,high,negative:2;neutral:1,negative->negative,direct->direct,negative->negative,direct->direct,1,0.6666666666666666,False
all_sources_wrong_oracle_wrong,466,laptop,neutral,Fan only comes on when you are playing a game.,Fan,negative,positive,negative,thor,positive,direct,negative,direct,negative,missed_implicit_negative,medium,negative:1;positive:2,negative->positive,thor->direct,positive->negative,direct->direct,1,0.6666666666666666,False
all_sources_wrong_oracle_wrong,484,laptop,neutral,I am used to computers with windows so I am having a little difficulty finding my way around.,windows,negative,negative,negative,direct,negative,direct,negative,direct,negative,no_error,high,negative:3,negative->negative,direct->direct,negative->negative,direct->direct,3,1.0,True
all_sources_wrong_oracle_wrong,495,laptop,neutral,"The sound as mentioned earlier isn't the best, but it can be solved with headphones.",headphones,positive,positive,positive,thor,positive,direct,positive,direct,positive,no_error,high,positive:3,positive->positive,thor->direct,positive->positive,direct->direct,3,1.0,True
all_sources_wrong_oracle_wrong,499,laptop,negative,"If you ask me, for this price it should be included.",price,neutral,positive,positive,direct,neutral,direct,neutral,direct,neutral,no_error,high,positive:3,neutral->positive,direct->direct,neutral->neutral,direct->direct,3,1.0,True
all_sources_wrong_oracle_wrong,536,laptop,neutral,"I bought it to be able to dedicate a small, portable laptop to my writing and was surprised to learn that I needed to buy a word processing program to do so.",word processing program,negative,negative,negative,direct,negative,direct,negative,direct,negative,no_error,high,negative:3,negative->negative,direct->direct,negative->negative,direct->direct,3,1.0,True
all_sources_wrong_oracle_wrong,537,laptop,neutral,"This version of MacBook Pro runs on a third-generation CPU (""Ivy Bridge""), not the latest fourth-generation Haswell CPU the 2013 version has.","third-generation CPU (""Ivy Bridge"")",negative,negative,negative,direct,negative,direct,negative,direct,negative,no_error,high,negative:3,negative->negative,direct->direct,negative->negative,direct->direct,3,1.0,True
all_sources_wrong_oracle_wrong,538,laptop,neutral,"This version of MacBook Pro runs on a third-generation CPU (""Ivy Bridge""), not the latest fourth-generation Haswell CPU the 2013 version has.",fourth-generation Haswell CPU,negative,positive,positive,direct,negative,direct,negative,direct,negative,no_error,high,positive:3,negative->positive,direct->direct,negative->negative,direct->direct,3,1.0,True
all_sources_wrong_oracle_wrong,547,laptop,neutral,"Put a SSD and use a 21"" LED screen, this set up is silky smooth!",SSD,positive,positive,positive,thor,positive,direct,positive,direct,positive,no_error,high,positive:3,positive->positive,thor->direct,positive->positive,direct->direct,3,1.0,True
all_sources_wrong_oracle_wrong,552,laptop,neutral,"I had to buy a wireless mouse to go with it, as I am old school and hate the pad, but knew that before I bought it, now it works great, need to get adjusted to the key board, as I am used to a bigger one and pounding.",wireless mouse,positive,positive,positive,thor,positive,direct,positive,direct,positive,no_error,high,positive:3,positive->positive,thor->direct,positive->positive,direct->direct,3,1.0,True
all_sources_wrong_oracle_wrong,569,laptop,positive,The price is 200 dollars down.,price,neutral,neutral,neutral,direct,neutral,direct,neutral,direct,neutral,no_error,high,negative:1;neutral:2,neutral->neutral,direct->direct,neutral->neutral,direct->direct,1,0.6666666666666666,False
all_sources_wrong_oracle_wrong,572,laptop,neutral,"this Mac Mini does not have a built-in mic, and it would seem that its Mac OS 10.9 does not handle external microphones properly.",external microphones,negative,negative,negative,direct,negative,direct,negative,direct,negative,no_error,high,negative:3,negative->negative,direct->direct,negative->negative,direct->direct,3,1.0,True
all_sources_wrong_oracle_wrong,584,laptop,neutral,"The only thing I miss are the ""Home/End"" type keys and other things that I grew accustomed to after so long.","""Home/End"" type keys",negative,negative,negative,direct,negative,direct,negative,direct,negative,no_error,high,negative:3,negative->negative,direct->direct,negative->negative,direct->direct,3,1.0,True
all_sources_wrong_oracle_wrong,595,laptop,positive,"The screen, the software and the smoothness of the operating system.",screen,neutral,neutral,neutral,direct,neutral,direct,neutral,direct,neutral,no_error,high,neutral:3,neutral->neutral,direct->direct,neutral->neutral,direct->direct,3,1.0,True
all_sources_wrong_oracle_wrong,596,laptop,positive,"The screen, the software and the smoothness of the operating system.",software,neutral,neutral,neutral,direct,neutral,direct,neutral,direct,neutral,no_error,high,neutral:3,neutral->neutral,direct->direct,neutral->neutral,direct->direct,3,1.0,True
all_sources_wrong_oracle_wrong,598,laptop,neutral,i have dropped mine a couple times with only a slim plastic case covering it.,slim plastic case,negative,negative,negative,direct,negative,direct,negative,direct,negative,no_error,high,negative:3,negative->negative,direct->direct,negative->negative,direct->direct,3,1.0,True
all_sources_wrong_oracle_wrong,617,laptop,neutral,I had to get Apple Customer Support to correct the problem.,Apple Customer Support,negative,negative,negative,direct,negative,direct,negative,direct,negative,no_error,high,negative:3,negative->negative,direct->direct,negative->negative,direct->direct,3,1.0,True
all_sources_wrong_oracle_wrong,629,laptop,neutral,"After replacing the spinning hard disk with an ssd drive, my mac is just flying.",spinning hard disk,negative,negative,negative,direct,negative,direct,negative,direct,negative,no_error,high,negative:2;positive:1,negative->negative,direct->direct,negative->negative,direct->direct,1,0.6666666666666666,False
all_sources_wrong_oracle_wrong,638,laptop,neutral,It also comes with 4G of RAM but if you're like me you want to max that out so I immediately put 8G of RAM in her and I've never used a computer that performs better.,4G of RAM,negative,negative,negative,direct,negative,direct,negative,direct,negative,no_error,high,negative:3,negative->negative,direct->direct,negative->negative,direct->direct,3,1.0,True
all_sources_wrong_oracle_wrong,639,laptop,neutral,It also comes with 4G of RAM but if you're like me you want to max that out so I immediately put 8G of RAM in her and I've never used a computer that performs better.,8G of RAM,positive,positive,positive,thor,positive,direct,positive,direct,positive,no_error,high,positive:3,positive->positive,thor->direct,positive->positive,direct->direct,3,1.0,True
all_sources_wrong_oracle_wrong,18,restaurant,neutral,"While there's a decent menu, it shouldn't take ten minutes to get your drinks and 45 for a dessert pizza.",drinks,negative,negative,negative,thor,negative,direct,negative,direct,negative,no_error,high,negative:3,negative->negative,thor->direct,negative->negative,direct->direct,3,1.0,True
all_sources_wrong_oracle_wrong,19,restaurant,neutral,"While there's a decent menu, it shouldn't take ten minutes to get your drinks and 45 for a dessert pizza.",dessert pizza,negative,negative,negative,thor,negative,direct,negative,direct,negative,no_error,high,negative:3,negative->negative,thor->direct,negative->negative,direct->direct,3,1.0,True
all_sources_wrong_oracle_wrong,145,restaurant,positive,The steak melted in my mouth.,steak,negative,negative,negative,thor,negative,direct,negative,direct,negative,no_error,high,negative:3,negative->negative,thor->direct,negative->negative,direct->direct,3,1.0,True
all_sources_wrong_oracle_wrong,295,restaurant,neutral,"The food is all-around good, with the rolls usually excellent and the sushi/sashimi not quite on the same level.",sushi/sashimi,negative,negative,negative,thor,negative,direct,negative,direct,negative,no_error,high,negative:3,negative->negative,thor->direct,negative->negative,direct->direct,3,1.0,True
all_sources_wrong_oracle_wrong,314,restaurant,neutral,The absolute worst service I've ever experienced and the food was below average (when they actually gave people the meals they ordered).,meals,negative,negative,negative,thor,negative,direct,negative,direct,negative,no_error,high,negative:3,negative->negative,thor->direct,negative->negative,direct->direct,3,1.0,True
all_sources_wrong_oracle_wrong,349,restaurant,positive,Dieters stick to salads or indulge in vegetarian platters.,salads,neutral,neutral,neutral,direct,neutral,direct,neutral,direct,neutral,no_error,high,negative:1;neutral:2,neutral->neutral,direct->direct,neutral->neutral,direct->direct,1,0.6666666666666666,False
all_sources_wrong_oracle_wrong,354,restaurant,neutral,My friends and I stop here for pizza before hitting the Kips Bay movie theater.,pizza,positive,positive,positive,direct,positive,direct,positive,direct,positive,no_error,high,neutral:1;positive:2,positive->positive,direct->direct,positive->positive,direct->direct,1,0.6666666666666666,False
all_sources_wrong_oracle_wrong,477,restaurant,neutral,I've come here for casual lunches as well as for a friend's birthday and I always enjoy myself.,casual lunches,positive,positive,positive,direct,positive,direct,positive,direct,positive,no_error,high,positive:3,positive->positive,direct->direct,positive->positive,direct->direct,3,1.0,True
all_sources_wrong_oracle_wrong,518,restaurant,neutral,The unfortunate lady next to us thought she had ordered a salad (including asking for salad dressing) and was instead given a quesedilla.,salad,negative,negative,negative,thor,negative,direct,negative,direct,negative,no_error,high,negative:3,negative->negative,thor->direct,negative->negative,direct->direct,3,1.0,True
all_sources_wrong_oracle_wrong,519,restaurant,neutral,The unfortunate lady next to us thought she had ordered a salad (including asking for salad dressing) and was instead given a quesedilla.,salad dressing,negative,negative,negative,thor,negative,direct,negative,direct,negative,no_error,high,negative:2;neutral:1,negative->negative,thor->direct,negative->negative,direct->direct,1,0.6666666666666666,False
all_sources_wrong_oracle_wrong,520,restaurant,neutral,The unfortunate lady next to us thought she had ordered a salad (including asking for salad dressing) and was instead given a quesedilla.,quesedilla,negative,negative,negative,thor,negative,direct,negative,direct,negative,no_error,high,negative:3,negative->negative,thor->direct,negative->negative,direct->direct,3,1.0,True
all_sources_wrong_oracle_wrong,536,restaurant,neutral,"When she complained, the waitress said, Sorry.",waitress,negative,negative,negative,thor,negative,direct,negative,direct,negative,no_error,high,negative:3,negative->negative,thor->direct,negative->negative,direct->direct,3,1.0,True
all_sources_wrong_oracle_wrong,592,restaurant,neutral,THEY HAVE WAITERS ON THE SIDEWALK TRYING TO PULL YOU IN WHICH MADE US SUSPICIOUS.,WAITERS,negative,negative,negative,thor,negative,direct,negative,direct,negative,no_error,high,negative:3,negative->negative,thor->direct,negative->negative,direct->direct,3,1.0,True
all_sources_wrong_oracle_wrong,601,restaurant,neutral,"Probably my worst dining experience in new york, and I'm a former waiter so I know what I'm talking about.",waiter,negative,negative,negative,thor,negative,direct,negative,direct,negative,no_error,high,negative:3,negative->negative,thor->direct,negative->negative,direct->direct,3,1.0,True
all_sources_wrong_oracle_wrong,604,restaurant,positive,Ask for the round corner table next to the large window.,round corner table next to the large window,neutral,neutral,neutral,direct,neutral,direct,neutral,direct,neutral,no_error,high,neutral:3,neutral->neutral,direct->direct,neutral->neutral,direct->direct,3,1.0,True
all_sources_wrong_oracle_wrong,617,restaurant,neutral,"The other times I've gone it's romantic date heaven, you can walk in get a booth by the windows, be treated like a VIP in a not-crowded place, with great food and service.",booth by the windows,positive,positive,positive,direct,positive,direct,positive,direct,positive,no_error,high,positive:3,positive->positive,direct->direct,positive->positive,direct->direct,3,1.0,True
all_sources_wrong_oracle_wrong,652,restaurant,negative,The waitress came by to pick up the soy sauce WHILE we were eating our lunch!!!!!,waitress,positive,neutral,neutral,direct,positive,direct,positive,direct,positive,no_error,high,neutral:3,positive->neutral,direct->direct,positive->positive,direct->direct,3,1.0,True
all_sources_wrong_oracle_wrong,655,restaurant,neutral,"So we sat at the bar, the bartender didn't seem like he wanted to be there.",bar,negative,negative,negative,thor,negative,direct,negative,direct,negative,no_error,high,negative:3,negative->negative,thor->direct,negative->negative,direct->direct,3,1.0,True
all_sources_wrong_oracle_wrong,664,restaurant,neutral,"Would you ever believe that when you complain about over an hour wait, when they tell you it will be 20-30 minutes, the manager tells the bartender to spill the drinks you just paid for?",bartender,negative,negative,negative,thor,negative,direct,negative,direct,negative,no_error,high,negative:3,negative->negative,thor->direct,negative->negative,direct->direct,3,1.0,True
all_sources_wrong_oracle_wrong,665,restaurant,neutral,"Would you ever believe that when you complain about over an hour wait, when they tell you it will be 20-30 minutes, the manager tells the bartender to spill the drinks you just paid for?",drinks,negative,negative,negative,thor,negative,direct,negative,direct,negative,no_error,high,negative:3,negative->negative,thor->direct,negative->negative,direct->direct,3,1.0,True
all_sources_wrong_oracle_wrong,686,restaurant,neutral,then she made a fuss about not being able to add 1 or 2 chairs on either end of the table for additional people.,chairs,negative,negative,negative,thor,negative,direct,negative,direct,negative,no_error,high,negative:3,negative->negative,thor->direct,negative->negative,direct->direct,3,1.0,True
all_sources_wrong_oracle_wrong,689,restaurant,positive,"The happy hour is so cheap, but that does not reflect the service or the atmosphere.",service,negative,neutral,neutral,thor,neutral,direct,negative,thor,neutral,no_error,high,negative:1;neutral:2,negative->neutral,thor->direct,neutral->negative,thor->direct,1,0.6666666666666666,False
all_sources_wrong_oracle_wrong,690,restaurant,positive,"The happy hour is so cheap, but that does not reflect the service or the atmosphere.",atmosphere,neutral,neutral,neutral,direct,neutral,direct,neutral,direct,neutral,no_error,high,negative:1;neutral:2,neutral->neutral,direct->direct,neutral->neutral,direct->direct,1,0.6666666666666666,False
all_sources_wrong_oracle_wrong,692,restaurant,neutral,"After waiting for almost an hour, the waiter brusquely told us he'd forgotten to give the kitchen our order.",kitchen,negative,negative,negative,thor,negative,direct,negative,direct,negative,no_error,high,negative:3,negative->negative,thor->direct,negative->negative,direct->direct,3,1.0,True
all_sources_wrong_oracle_wrong,705,restaurant,neutral,"It was good, but none of the flavors WOW.",flavors,negative,negative,negative,thor,negative,direct,negative,direct,negative,no_error,high,negative:3,negative->negative,thor->direct,negative->negative,direct->direct,3,1.0,True
all_sources_wrong_oracle_wrong,712,restaurant,neutral,"for about eleven bucks you get a gigantic burrito (or tacos), margarita, and dessert.",margarita,positive,positive,positive,direct,positive,direct,positive,direct,positive,no_error,high,positive:3,positive->positive,direct->direct,positive->positive,direct->direct,3,1.0,True
all_sources_wrong_oracle_wrong,737,restaurant,neutral,Cuisine is billed as asian fusion - doesn't meet the bill.,asian fusion,negative,negative,negative,thor,negative,direct,negative,direct,negative,no_error,high,negative:3,negative->negative,thor->direct,negative->negative,direct->direct,3,1.0,True
all_sources_wrong_oracle_wrong,752,restaurant,neutral,"I came to fresh expecting a great meal, and all I got was marginally so-so food served in a restaurant that was just so freezing we couldn't enjoy eating.",served,negative,negative,negative,thor,negative,direct,negative,direct,negative,no_error,high,negative:3,negative->negative,thor->direct,negative->negative,direct->direct,3,1.0,True
all_sources_wrong_oracle_wrong,761,restaurant,neutral,i went in one day asking for a table for a group and was greeted by a very rude hostess.,table,negative,negative,negative,thor,negative,direct,negative,direct,negative,no_error,high,negative:3,negative->negative,thor->direct,negative->negative,direct->direct,3,1.0,True
all_sources_wrong_oracle_wrong,808,restaurant,negative,15% gratuity automatically added to the bill.,bill,neutral,neutral,neutral,direct,neutral,direct,neutral,direct,neutral,no_error,high,neutral:3,neutral->neutral,direct->direct,neutral->neutral,direct->direct,3,1.0,True
all_sources_wrong_oracle_wrong,809,restaurant,negative,15% gratuity automatically added to the bill.,gratuity,neutral,positive,positive,direct,neutral,direct,neutral,direct,neutral,no_error,high,neutral:1;positive:2,neutral->positive,direct->direct,neutral->neutral,direct->direct,1,0.6666666666666666,False
all_sources_wrong_oracle_wrong,839,restaurant,neutral,"Menus feature seasonal picks, like sweet corn-foie gras brulee.",sweet corn-foie gras brulee,positive,positive,positive,direct,positive,direct,positive,direct,positive,no_error,high,positive:3,positive->positive,direct->direct,positive->positive,direct->direct,3,1.0,True
all_sources_wrong_oracle_wrong,849,restaurant,neutral,I had to flag down a third staff person for a fork... so now it's goodbye Little RUDE Pie Company.,staff person,negative,negative,negative,thor,negative,direct,negative,direct,negative,no_error,high,negative:3,negative->negative,thor->direct,negative->negative,direct->direct,3,1.0,True
all_sources_wrong_oracle_wrong,879,restaurant,positive,Pizzas were excellent in addition to appetizers and main courses.,main courses,neutral,neutral,neutral,direct,neutral,direct,neutral,direct,neutral,no_error,high,neutral:3,neutral->neutral,direct->direct,neutral->neutral,direct->direct,3,1.0,True
all_sources_wrong_oracle_wrong,941,restaurant,neutral,"Not only was the sushi fresh, they also served other entrees allowed each guest something to choose from and we all left happy (try the duck!",entrees,positive,positive,positive,direct,positive,direct,positive,direct,positive,no_error,high,positive:3,positive->positive,direct->direct,positive->positive,direct->direct,3,1.0,True
all_sources_wrong_oracle_wrong,943,restaurant,neutral,"After I paid for my purchase, I noticed they had not given me utensils so I could eat my pie.",utensils,negative,negative,negative,thor,negative,direct,negative,direct,negative,no_error,high,negative:3,negative->negative,thor->direct,negative->negative,direct->direct,3,1.0,True
all_sources_wrong_oracle_wrong,954,restaurant,neutral,"Build a meal with side orders like Amazin' Greens salads, Buffalo Chicken Kickers and Cinna Stix.",Buffalo Chicken Kickers,positive,positive,positive,direct,positive,direct,positive,direct,positive,no_error,high,positive:3,positive->positive,direct->direct,positive->positive,direct->direct,3,1.0,True
all_sources_wrong_oracle_wrong,958,restaurant,neutral,"Thick fries, meaty chili and stuffed baked potatoes round out a menu that includes a cool, ultra-thick chocolate Frosty.",meaty chili,positive,positive,positive,direct,positive,direct,positive,direct,positive,no_error,high,positive:3,positive->positive,direct->direct,positive->positive,direct->direct,3,1.0,True
all_sources_wrong_oracle_wrong,959,restaurant,neutral,"Thick fries, meaty chili and stuffed baked potatoes round out a menu that includes a cool, ultra-thick chocolate Frosty.",stuffed baked potatoes,positive,positive,positive,direct,positive,direct,positive,direct,positive,no_error,high,neutral:1;positive:2,positive->positive,direct->direct,positive->positive,direct->direct,1,0.6666666666666666,False
all_sources_wrong_oracle_wrong,977,restaurant,positive,"The service, however, is a peg or two below the quality of food (horrible bartenders), and the clientele, for the most part, are rowdy, loud-mouthed commuters (this could explain the bad attitudes from the staff) getting loaded for an AC/DC concert or a Knicks game.",quality of food,negative,negative,negative,thor,negative,direct,negative,direct,negative,no_error,high,negative:3,negative->negative,thor->direct,negative->negative,direct->direct,3,1.0,True
all_sources_wrong_oracle_wrong,983,restaurant,negative,Make more tables- perhaps a rooftop bar?,tables,positive,neutral,neutral,direct,positive,direct,positive,direct,positive,no_error,high,neutral:3,positive->neutral,direct->direct,positive->positive,direct->direct,3,1.0,True
all_sources_wrong_oracle_wrong,985,restaurant,positive,"The decoration was feeling like we was on the Cairo, actually the street is part of that adventure.",decoration,neutral,neutral,neutral,direct,neutral,direct,neutral,direct,neutral,no_error,high,neutral:2;positive:1,neutral->neutral,direct->direct,neutral->neutral,direct->direct,1,0.6666666666666666,False
all_sources_wrong_oracle_wrong,1014,restaurant,neutral,Had dinner here on a Friday and the food was great.,dinner,positive,positive,positive,direct,positive,direct,positive,direct,positive,no_error,high,positive:3,positive->positive,direct->direct,positive->positive,direct->direct,3,1.0,True
all_sources_wrong_oracle_wrong,1022,restaurant,positive,"but, the filet mignon was not very good at all cocktail hour includes free appetizers (nice non-sushi selection).",cocktail hour,neutral,negative,negative,direct,neutral,direct,neutral,direct,neutral,missed_implicit_negative,medium,negative:3,neutral->negative,direct->direct,neutral->neutral,direct->direct,3,1.0,True
all_sources_wrong_oracle_wrong,1041,restaurant,neutral,We were seated promptly in close proximity to the dance floor.,dance floor,positive,positive,positive,direct,positive,direct,positive,direct,positive,no_error,high,positive:3,positive->positive,direct->direct,positive->positive,direct->direct,3,1.0,True
all_sources_wrong_oracle_wrong,1048,restaurant,neutral,The sauce is excellent (very fresh) with dabs of real mozzarella.,dabs of real mozzarella,positive,positive,positive,direct,positive,direct,positive,direct,positive,no_error,high,positive:3,positive->positive,direct->direct,positive->positive,direct->direct,3,1.0,True
all_sources_wrong_oracle_wrong,1054,restaurant,negative,"The room is a little plain, but it's difficult to make such a small place exciting and I would not suggest that as a reason not to go.",place,neutral,neutral,neutral,direct,neutral,direct,neutral,direct,neutral,no_error,high,neutral:3,neutral->neutral,direct->direct,neutral->neutral,direct->direct,3,1.0,True
all_sources_wrong_oracle_wrong,1072,restaurant,neutral,"The room is a gorgeous, bi-level space and the long bar perfect for a drink.",drink,positive,positive,positive,direct,positive,direct,positive,direct,positive,no_error,high,positive:3,positive->positive,direct->direct,positive->positive,direct->direct,3,1.0,True
all_sources_wrong_oracle_wrong,1074,restaurant,neutral,"Two complaints- their appetizer selection stinks, it would be nice to get some mozzarella sticks on the menu.",mozzarella sticks,negative,negative,negative,thor,negative,direct,negative,direct,negative,no_error,high,negative:3,negative->negative,thor->direct,negative->negative,direct->direct,3,1.0,True
all_sources_wrong_oracle_wrong,1085,restaurant,neutral,They are served on Focacchia bread and are to die for.,served,positive,positive,positive,direct,positive,direct,positive,direct,positive,no_error,high,positive:3,positive->positive,direct->direct,positive->positive,direct->direct,3,1.0,True
all_sources_wrong_oracle_wrong,1104,restaurant,neutral,""" The menu includes pub fare--burgers, steaks and shepherds pie--and even a portabella lasagna for those black sheep known as ""vegetarians.",steaks,positive,positive,positive,direct,positive,direct,positive,direct,positive,no_error,high,positive:3,positive->positive,direct->direct,positive->positive,direct->direct,3,1.0,True
all_sources_wrong_oracle_wrong,1107,restaurant,neutral,""" The menu includes pub fare--burgers, steaks and shepherds pie--and even a portabella lasagna for those black sheep known as ""vegetarians.",pub fare,positive,positive,positive,direct,positive,direct,positive,direct,positive,no_error,high,positive:3,positive->positive,direct->direct,positive->positive,direct->direct,3,1.0,True
all_sources_wrong_oracle_wrong,1115,restaurant,neutral,I just had my first visit to this place and can't wait to go back and slowly work my way through the menu.,menu,positive,positive,positive,direct,positive,direct,positive,direct,positive,no_error,high,positive:3,positive->positive,direct->direct,positive->positive,direct->direct,3,1.0,True
all_sources_wrong_oracle_wrong,1117,restaurant,neutral,I asked repeatedly what the status of the meal was and was pretty much grunted at by the unbelievably rude waiter.,meal,negative,negative,negative,thor,negative,direct,negative,direct,negative,no_error,high,negative:3,negative->negative,thor->direct,negative->negative,direct->direct,3,1.0,True
all_sources_wrong_oracle_wrong,1123,restaurant,neutral,Its good to go there for drinks if you don't want to get drunk because you'll be lucky if you can get one drink an hour the service is so bad.,drink,negative,negative,negative,thor,negative,direct,negative,direct,negative,no_error,high,negative:3,negative->negative,thor->direct,negative->negative,direct->direct,3,1.0,True
